date,ceo,company,positive_articles,neutral_articles,negative_articles,total,neg_pct,theme,alias
2025-10-08,Janno Lieber,MTA,0,0,0,64,39.1,,Janno Lieber MTA
2025-10-08,Monica Tibbits-Nutt,Massachusetts Bay Transportation Authority,0,0,0,62,6.5,,Monica Tibbits-Nutt Massachusetts Bay Transportation Authority
2025-10-08,Phillip Eng,Massachusetts Bay Transportation Authority,0,0,0,60,15.0,,Phillip Eng Massachusetts Bay Transportation Authority
2025-10-08,Randy Clarke,Washington Metropolitan Area Transit Authority,0,0,0,59,15.3,,Randy Clarke Washington Metropolitan Area Transit Authority
2025-10-09,Janno Lieber,MTA,0,0,0,66,34.8,,Janno Lieber MTA
2025-10-09,Monica Tibbits-Nutt,Massachusetts Bay Transportation Authority,0,0,0,67,4.5,,Monica Tibbits-Nutt Massachusetts Bay Transportation Authority
2025-10-09,Phillip Eng,Massachusetts Bay Transportation Authority,0,0,0,59,16.9,,Phillip Eng Massachusetts Bay Transportation Authority
2025-10-09,Randy Clarke,Washington Metropolitan Area Transit Authority,0,0,0,60,15.0,,Randy Clarke Washington Metropolitan Area Transit Authority
2025-10-10,Janno Lieber,MTA,0,0,0,66,33.3,,Janno Lieber MTA
2025-10-10,Monica Tibbits-Nutt,Massachusetts Bay Transportation Authority,0,0,0,64,4.7,,Monica Tibbits-Nutt Massachusetts Bay Transportation Authority
2025-10-10,Phillip Eng,Massachusetts Bay Transportation Authority,0,0,0,59,16.9,,Phillip Eng Massachusetts Bay Transportation Authority
2025-10-10,Randy Clarke,Washington Metropolitan Area Transit Authority,0,0,0,61,18.0,,Randy Clarke Washington Metropolitan Area Transit Authority
2025-10-11,Janno Lieber,MTA,0,0,0,66,30.3,,Janno Lieber MTA
2025-10-11,Monica Tibbits-Nutt,Massachusetts Bay Transportation Authority,0,0,0,66,4.5,,Monica Tibbits-Nutt Massachusetts Bay Transportation Authority
2025-10-11,Phillip Eng,Massachusetts Bay Transportation Authority,0,0,0,58,15.5,,Phillip Eng Massachusetts Bay Transportation Authority
2025-10-11,Randy Clarke,Washington Metropolitan Area Transit Authority,0,0,0,60,16.7,,Randy Clarke Washington Metropolitan Area Transit Authority
2025-10-12,Janno Lieber,MTA,0,0,0,66,30.3,,Janno Lieber MTA
2025-10-12,Monica Tibbits-Nutt,Massachusetts Bay Transportation Authority,0,0,0,64,4.7,,Monica Tibbits-Nutt Massachusetts Bay Transportation Authority
2025-10-12,Phillip Eng,Massachusetts Bay Transportation Authority,0,0,0,58,15.5,,Phillip Eng Massachusetts Bay Transportation Authority
2025-10-12,Randy Clarke,Washington Metropolitan Area Transit Authority,0,0,0,59,18.6,,Randy Clarke Washington Metropolitan Area Transit Authority
2025-10-13,Janno Lieber,MTA,0,0,0,67,32.8,,Janno Lieber MTA
2025-10-13,Monica Tibbits-Nutt,Massachusetts Bay Transportation Authority,0,0,0,62,3.2,,Monica Tibbits-Nutt Massachusetts Bay Transportation Authority
2025-10-13,Phillip Eng,Massachusetts Bay Transportation Authority,0,0,0,59,13.6,,Phillip Eng Massachusetts Bay Transportation Authority
2025-10-13,Randy Clarke,Washington Metropolitan Area Transit Authority,0,0,0,58,19.0,,Randy Clarke Washington Metropolitan Area Transit Authority
2025-10-14,Janno Lieber,MTA,0,0,0,65,29.2,,Janno Lieber MTA
2025-10-14,Monica Tibbits-Nutt,Massachusetts Bay Transportation Authority,0,0,0,62,3.2,,Monica Tibbits-Nutt Massachusetts Bay Transportation Authority
2025-10-14,Phillip Eng,Massachusetts Bay Transportation Authority,0,0,0,59,13.6,,Phillip Eng Massachusetts Bay Transportation Authority
2025-10-14,Randy Clarke,Washington Metropolitan Area Transit Authority,0,0,0,62,21.0,,Randy Clarke Washington Metropolitan Area Transit Authority
2025-10-15,Janno Lieber,MTA,0,0,0,65,30.8,,Janno Lieber MTA
2025-10-15,Monica Tibbits-Nutt,Massachusetts Bay Transportation Authority,0,0,0,64,3.1,,Monica Tibbits-Nutt Massachusetts Bay Transportation Authority
2025-10-15,Phillip Eng,Massachusetts Bay Transportation Authority,0,0,0,57,12.3,,Phillip Eng Massachusetts Bay Transportation Authority
2025-10-15,Randy Clarke,Washington Metropolitan Area Transit Authority,0,0,0,57,17.5,,Randy Clarke Washington Metropolitan Area Transit Authority
2025-10-16,Janno Lieber,MTA,0,0,0,66,27.3,,Janno Lieber MTA
2025-10-16,Monica Tibbits-Nutt,Massachusetts Bay Transportation Authority,0,0,0,64,4.7,,Monica Tibbits-Nutt Massachusetts Bay Transportation Authority
2025-10-16,Phillip Eng,Massachusetts Bay Transportation Authority,0,0,0,58,12.1,,Phillip Eng Massachusetts Bay Transportation Authority
2025-10-16,Randy Clarke,Washington Metropolitan Area Transit Authority,0,0,0,59,20.3,,Randy Clarke Washington Metropolitan Area Transit Authority
2025-10-17,Janno Lieber,MTA,0,0,0,63,27.0,,Janno Lieber MTA
2025-10-17,Monica Tibbits-Nutt,Massachusetts Bay Transportation Authority,0,0,0,55,16.4,,Monica Tibbits-Nutt Massachusetts Bay Transportation Authority
2025-10-17,Phillip Eng,Massachusetts Bay Transportation Authority,0,0,0,60,21.7,,Phillip Eng Massachusetts Bay Transportation Authority
2025-10-17,Randy Clarke,Washington Metropolitan Area Transit Authority,0,0,0,61,21.3,,Randy Clarke Washington Metropolitan Area Transit Authority
2025-10-18,Janno Lieber,MTA,0,0,0,64,23.4,,Janno Lieber MTA
2025-10-18,Monica Tibbits-Nutt,Massachusetts Bay Transportation Authority,0,0,0,60,16.7,,Monica Tibbits-Nutt Massachusetts Bay Transportation Authority
2025-10-18,Phillip Eng,Massachusetts Bay Transportation Authority,0,0,0,61,18.0,,Phillip Eng Massachusetts Bay Transportation Authority
2025-10-18,Randy Clarke,Washington Metropolitan Area Transit Authority,0,0,0,60,18.3,,Randy Clarke Washington Metropolitan Area Transit Authority
2025-10-19,Janno Lieber,MTA,0,0,0,62,25.8,,Janno Lieber MTA
2025-10-19,Monica Tibbits-Nutt,Massachusetts Bay Transportation Authority,0,0,0,59,18.6,,Monica Tibbits-Nutt Massachusetts Bay Transportation Authority
2025-10-19,Phillip Eng,Massachusetts Bay Transportation Authority,0,0,0,61,16.4,,Phillip Eng Massachusetts Bay Transportation Authority
2025-10-19,Randy Clarke,Washington Metropolitan Area Transit Authority,0,0,0,61,19.7,,Randy Clarke Washington Metropolitan Area Transit Authority
2025-10-20,Janno Lieber,MTA,0,0,0,63,28.6,,Janno Lieber MTA
2025-10-20,Monica Tibbits-Nutt,Massachusetts Bay Transportation Authority,0,0,0,60,16.7,,Monica Tibbits-Nutt Massachusetts Bay Transportation Authority
2025-10-20,Phillip Eng,Massachusetts Bay Transportation Authority,0,0,0,61,18.0,,Phillip Eng Massachusetts Bay Transportation Authority
2025-10-20,Randy Clarke,Washington Metropolitan Area Transit Authority,0,0,0,58,19.0,,Randy Clarke Washington Metropolitan Area Transit Authority
2025-10-21,Janno Lieber,MTA,0,0,0,64,29.7,,Janno Lieber MTA
2025-10-21,Monica Tibbits-Nutt,Massachusetts Bay Transportation Authority,0,0,0,60,18.3,,Monica Tibbits-Nutt Massachusetts Bay Transportation Authority
2025-10-21,Phillip Eng,Massachusetts Bay Transportation Authority,0,0,0,60,18.3,,Phillip Eng Massachusetts Bay Transportation Authority
2025-10-21,Randy Clarke,Washington Metropolitan Area Transit Authority,0,0,0,59,16.9,,Randy Clarke Washington Metropolitan Area Transit Authority
2025-10-22,Janno Lieber,MTA,7,39,16,62,25.8,,Janno Lieber MTA
2025-10-22,Monica Tibbits-Nutt,Massachusetts Bay Transportation Authority,9,40,11,60,18.3,,Monica Tibbits-Nutt Massachusetts Bay Transportation Authority
2025-10-22,Nora Leerhsen,Chicago Transit Authority,9,18,13,40,32.5,,Nora Leerhsen Chicago Transit Authority
2025-10-22,Phillip Eng,Massachusetts Bay Transportation Authority,8,40,12,60,20.0,,Phillip Eng Massachusetts Bay Transportation Authority
2025-10-22,Randy Clarke,Washington Metropolitan Area Transit Authority,21,28,11,60,18.3,,Randy Clarke Washington Metropolitan Area Transit Authority
2025-10-22,Ryan Coholan,Massachusetts Bay Transportation Authority,11,27,11,49,22.4,,Ryan Coholan Massachusetts Bay Transportation Authority
2025-10-23,Janno Lieber,MTA,9,36,17,62,27.4,,Janno Lieber MTA
2025-10-23,Monica Tibbits-Nutt,Massachusetts Bay Transportation Authority,9,40,12,61,19.7,,Monica Tibbits-Nutt Massachusetts Bay Transportation Authority
2025-10-23,Nora Leerhsen,Chicago Transit Authority,9,20,13,42,31.0,,Nora Leerhsen Chicago Transit Authority
2025-10-23,Phillip Eng,Massachusetts Bay Transportation Authority,8,39,11,58,19.0,,Phillip Eng Massachusetts Bay Transportation Authority
2025-10-23,Randy Clarke,Washington Metropolitan Area Transit Authority,20,30,9,59,15.3,,Randy Clarke Washington Metropolitan Area Transit Authority
2025-10-23,Ryan Coholan,Massachusetts Bay Transportation Authority,11,27,11,49,22.4,,Ryan Coholan Massachusetts Bay Transportation Authority
2025-10-24,Janno Lieber,MTA,8,36,17,61,27.9,,Janno Lieber MTA
2025-10-24,Monica Tibbits-Nutt,Massachusetts Bay Transportation Authority,8,41,12,61,19.7,,Monica Tibbits-Nutt Massachusetts Bay Transportation Authority
2025-10-24,Nora Leerhsen,Chicago Transit Authority,9,20,13,42,31.0,,Nora Leerhsen Chicago Transit Authority
2025-10-24,Phillip Eng,Massachusetts Bay Transportation Authority,10,42,9,61,14.8,,Phillip Eng Massachusetts Bay Transportation Authority
2025-10-24,Randy Clarke,Washington Metropolitan Area Transit Authority,21,29,8,58,13.8,,Randy Clarke Washington Metropolitan Area Transit Authority
2025-10-24,Ryan Coholan,Massachusetts Bay Transportation Authority,12,29,11,52,21.2,,Ryan Coholan Massachusetts Bay Transportation Authority
2025-10-25,Janno Lieber,MTA,7,37,17,61,27.9,,Janno Lieber MTA
2025-10-25,Monica Tibbits-Nutt,Massachusetts Bay Transportation Authority,7,44,12,63,19.0,,Monica Tibbits-Nutt Massachusetts Bay Transportation Authority
2025-10-25,Nora Leerhsen,Chicago Transit Authority,8,20,12,40,30.0,,Nora Leerhsen Chicago Transit Authority
2025-10-25,Phillip Eng,Massachusetts Bay Transportation Authority,11,38,9,58,15.5,,Phillip Eng Massachusetts Bay Transportation Authority
2025-10-25,Randy Clarke,Washington Metropolitan Area Transit Authority,23,27,10,60,16.7,,Randy Clarke Washington Metropolitan Area Transit Authority
2025-10-25,Ryan Coholan,Massachusetts Bay Transportation Authority,12,26,11,49,22.4,,Ryan Coholan Massachusetts Bay Transportation Authority
2025-10-26,Janno Lieber,MTA,7,39,17,63,27.0,,Janno Lieber MTA
2025-10-26,Monica Tibbits-Nutt,Massachusetts Bay Transportation Authority,9,41,12,62,19.4,,Monica Tibbits-Nutt Massachusetts Bay Transportation Authority
2025-10-26,Nora Leerhsen,Chicago Transit Authority,9,20,11,40,27.5,,Nora Leerhsen Chicago Transit Authority
2025-10-26,Phillip Eng,Massachusetts Bay Transportation Authority,9,39,9,57,15.8,,Phillip Eng Massachusetts Bay Transportation Authority
2025-10-26,Randy Clarke,Washington Metropolitan Area Transit Authority,23,27,10,60,16.7,,Randy Clarke Washington Metropolitan Area Transit Authority
2025-10-26,Ryan Coholan,Massachusetts Bay Transportation Authority,13,26,10,49,20.4,,Ryan Coholan Massachusetts Bay Transportation Authority
2025-10-27,Janno Lieber,MTA,8,38,16,62,25.8,,Janno Lieber MTA
2025-10-27,Monica Tibbits-Nutt,Massachusetts Bay Transportation Authority,10,36,11,57,19.3,,Monica Tibbits-Nutt Massachusetts Bay Transportation Authority
2025-10-27,Nora Leerhsen,Chicago Transit Authority,9,19,11,39,28.2,,Nora Leerhsen Chicago Transit Authority
2025-10-27,Phillip Eng,Massachusetts Bay Transportation Authority,10,34,7,51,13.7,,Phillip Eng Massachusetts Bay Transportation Authority
2025-10-27,Randy Clarke,Washington Metropolitan Area Transit Authority,24,28,9,61,14.8,,Randy Clarke Washington Metropolitan Area Transit Authority
2025-10-27,Ryan Coholan,Massachusetts Bay Transportation Authority,11,26,9,46,19.6,,Ryan Coholan Massachusetts Bay Transportation Authority
2025-10-28,Janno Lieber,MTA,6,36,19,61,31.1,,Janno Lieber MTA
2025-10-28,Monica Tibbits-Nutt,Massachusetts Bay Transportation Authority,10,37,10,57,17.5,,Monica Tibbits-Nutt Massachusetts Bay Transportation Authority
2025-10-28,Nora Leerhsen,Chicago Transit Authority,8,20,10,38,26.3,,Nora Leerhsen Chicago Transit Authority
2025-10-28,Phillip Eng,Massachusetts Bay Transportation Authority,9,35,8,52,15.4,,Phillip Eng Massachusetts Bay Transportation Authority
2025-10-28,Randy Clarke,Washington Metropolitan Area Transit Authority,22,29,10,61,16.4,,Randy Clarke Washington Metropolitan Area Transit Authority
2025-10-28,Ryan Coholan,Massachusetts Bay Transportation Authority,11,25,9,45,20.0,,Ryan Coholan Massachusetts Bay Transportation Authority
2025-10-29,Janno Lieber,MTA,10,35,18,63,28.6,,Janno Lieber MTA
2025-10-29,Monica Tibbits-Nutt,Massachusetts Bay Transportation Authority,10,38,10,58,17.2,,Monica Tibbits-Nutt Massachusetts Bay Transportation Authority
2025-10-29,Nora Leerhsen,Chicago Transit Authority,7,23,9,39,23.1,,Nora Leerhsen Chicago Transit Authority
2025-10-29,Phillip Eng,Massachusetts Bay Transportation Authority,10,31,9,50,18.0,,Phillip Eng Massachusetts Bay Transportation Authority
2025-10-29,Randy Clarke,Washington Metropolitan Area Transit Authority,21,29,10,60,16.7,,Randy Clarke Washington Metropolitan Area Transit Authority
2025-10-29,Ryan Coholan,Massachusetts Bay Transportation Authority,12,25,10,47,21.3,,Ryan Coholan Massachusetts Bay Transportation Authority
2025-10-30,Janno Lieber,MTA,12,39,18,69,26.1,,Janno Lieber MTA
2025-10-30,Monica Tibbits-Nutt,Massachusetts Bay Transportation Authority,10,39,10,59,16.9,,Monica Tibbits-Nutt Massachusetts Bay Transportation Authority
2025-10-30,Nora Leerhsen,Chicago Transit Authority,8,20,10,38,26.3,,Nora Leerhsen Chicago Transit Authority
2025-10-30,Phillip Eng,Massachusetts Bay Transportation Authority,8,33,9,50,18.0,,Phillip Eng Massachusetts Bay Transportation Authority
2025-10-30,Randy Clarke,Washington Metropolitan Area Transit Authority,18,29,10,57,17.5,,Randy Clarke Washington Metropolitan Area Transit Authority
2025-10-30,Ryan Coholan,Massachusetts Bay Transportation Authority,11,25,9,45,20.0,,Ryan Coholan Massachusetts Bay Transportation Authority
2025-10-31,Janno Lieber,MTA,12,35,17,64,26.6,,Janno Lieber MTA
2025-10-31,Monica Tibbits-Nutt,Massachusetts Bay Transportation Authority,10,36,12,58,20.7,,Monica Tibbits-Nutt Massachusetts Bay Transportation Authority
2025-10-31,Nora Leerhsen,Chicago Transit Authority,8,19,11,38,28.9,,Nora Leerhsen Chicago Transit Authority
2025-10-31,Phillip Eng,Massachusetts Bay Transportation Authority,11,33,8,52,15.4,,Phillip Eng Massachusetts Bay Transportation Authority
2025-10-31,Randy Clarke,Washington Metropolitan Area Transit Authority,21,31,10,62,16.1,,Randy Clarke Washington Metropolitan Area Transit Authority
2025-10-31,Ryan Coholan,Massachusetts Bay Transportation Authority,11,26,9,46,19.6,,Ryan Coholan Massachusetts Bay Transportation Authority
2025-11-01,Janno Lieber,MTA,13,35,16,64,25.0,,Janno Lieber MTA
2025-11-01,Monica Tibbits-Nutt,Massachusetts Bay Transportation Authority,10,38,12,60,20.0,,Monica Tibbits-Nutt Massachusetts Bay Transportation Authority
2025-11-01,Nora Leerhsen,Chicago Transit Authority,8,21,10,39,25.6,,Nora Leerhsen Chicago Transit Authority
2025-11-01,Phillip Eng,Massachusetts Bay Transportation Authority,9,35,8,52,15.4,,Phillip Eng Massachusetts Bay Transportation Authority
2025-11-01,Randy Clarke,Washington Metropolitan Area Transit Authority,20,29,9,58,15.5,,Randy Clarke Washington Metropolitan Area Transit Authority
2025-11-01,Ryan Coholan,Massachusetts Bay Transportation Authority,10,27,9,46,19.6,,Ryan Coholan Massachusetts Bay Transportation Authority
2025-11-02,Janno Lieber,MTA,13,37,16,66,24.2,,Janno Lieber MTA
2025-11-02,Monica Tibbits-Nutt,Massachusetts Bay Transportation Authority,11,36,12,59,20.3,,Monica Tibbits-Nutt Massachusetts Bay Transportation Authority
2025-11-02,Nora Leerhsen,Chicago Transit Authority,6,23,12,41,29.3,,Nora Leerhsen Chicago Transit Authority
2025-11-02,Phillip Eng,Massachusetts Bay Transportation Authority,9,34,7,50,14.0,,Phillip Eng Massachusetts Bay Transportation Authority
2025-11-02,Randy Clarke,Washington Metropolitan Area Transit Authority,18,28,13,59,22.0,,Randy Clarke Washington Metropolitan Area Transit Authority
2025-11-02,Ryan Coholan,Massachusetts Bay Transportation Authority,10,26,9,45,20.0,,Ryan Coholan Massachusetts Bay Transportation Authority
2025-11-03,Janno Lieber,MTA,15,31,16,62,25.8,,Janno Lieber MTA
2025-11-03,Monica Tibbits-Nutt,Massachusetts Bay Transportation Authority,10,33,12,55,21.8,,Monica Tibbits-Nutt Massachusetts Bay Transportation Authority
2025-11-03,Nora Leerhsen,Chicago Transit Authority,7,24,11,42,26.2,,Nora Leerhsen Chicago Transit Authority
2025-11-03,Phillip Eng,Massachusetts Bay Transportation Authority,9,33,7,49,14.3,,Phillip Eng Massachusetts Bay Transportation Authority
2025-11-03,Randy Clarke,Washington Metropolitan Area Transit Authority,21,30,10,61,16.4,,Randy Clarke Washington Metropolitan Area Transit Authority
2025-11-03,Ryan Coholan,Massachusetts Bay Transportation Authority,10,26,8,44,18.2,,Ryan Coholan Massachusetts Bay Transportation Authority
2025-11-04,Janno Lieber,MTA,16,29,16,61,26.2,,Janno Lieber MTA
2025-11-04,Monica Tibbits-Nutt,Massachusetts Bay Transportation Authority,11,32,12,55,21.8,,Monica Tibbits-Nutt Massachusetts Bay Transportation Authority
2025-11-04,Nora Leerhsen,Chicago Transit Authority,7,21,12,40,30.0,,Nora Leerhsen Chicago Transit Authority
2025-11-04,Phillip Eng,Massachusetts Bay Transportation Authority,10,33,6,49,12.2,,Phillip Eng Massachusetts Bay Transportation Authority
2025-11-04,Randy Clarke,Washington Metropolitan Area Transit Authority,21,27,9,57,15.8,,Randy Clarke Washington Metropolitan Area Transit Authority
2025-11-04,Ryan Coholan,Massachusetts Bay Transportation Authority,10,25,8,43,18.6,,Ryan Coholan Massachusetts Bay Transportation Authority
2025-11-05,Janno Lieber,MTA,15,31,16,62,25.8,,Janno Lieber MTA
2025-11-05,Monica Tibbits-Nutt,Massachusetts Bay Transportation Authority,11,36,11,58,19.0,,Monica Tibbits-Nutt Massachusetts Bay Transportation Authority
2025-11-05,Nora Leerhsen,Chicago Transit Authority,7,22,10,39,25.6,,Nora Leerhsen Chicago Transit Authority
2025-11-05,Phillip Eng,Massachusetts Bay Transportation Authority,11,36,5,52,9.6,,Phillip Eng Massachusetts Bay Transportation Authority
2025-11-05,Randy Clarke,Washington Metropolitan Area Transit Authority,22,26,9,57,15.8,,Randy Clarke Washington Metropolitan Area Transit Authority
2025-11-05,Ryan Coholan,Massachusetts Bay Transportation Authority,10,25,10,45,22.2,,Ryan Coholan Massachusetts Bay Transportation Authority
2025-11-06,Janno Lieber,MTA,14,32,17,63,27.0,,Janno Lieber MTA
2025-11-06,Monica Tibbits-Nutt,Massachusetts Bay Transportation Authority,11,35,12,58,20.7,,Monica Tibbits-Nutt Massachusetts Bay Transportation Authority
2025-11-06,Nora Leerhsen,Chicago Transit Authority,7,20,12,39,30.8,,Nora Leerhsen Chicago Transit Authority
2025-11-06,Phillip Eng,Massachusetts Bay Transportation Authority,11,35,7,53,13.2,,Phillip Eng Massachusetts Bay Transportation Authority
2025-11-06,Randy Clarke,Washington Metropolitan Area Transit Authority,22,26,9,57,15.8,,Randy Clarke Washington Metropolitan Area Transit Authority
2025-11-06,Ryan Coholan,Massachusetts Bay Transportation Authority,11,26,10,47,21.3,,Ryan Coholan Massachusetts Bay Transportation Authority
2025-11-07,Janno Lieber,MTA,12,31,17,60,28.3,,Janno Lieber MTA
2025-11-07,Monica Tibbits-Nutt,Massachusetts Bay Transportation Authority,11,35,12,58,20.7,,Monica Tibbits-Nutt Massachusetts Bay Transportation Authority
2025-11-07,Nora Leerhsen,Chicago Transit Authority,8,20,11,39,28.2,,Nora Leerhsen Chicago Transit Authority
2025-11-07,Phillip Eng,Massachusetts Bay Transportation Authority,14,33,8,55,14.5,,Phillip Eng Massachusetts Bay Transportation Authority
2025-11-07,Randy Clarke,Washington Metropolitan Area Transit Authority,21,26,9,56,16.1,,Randy Clarke Washington Metropolitan Area Transit Authority
2025-11-07,Ryan Coholan,Massachusetts Bay Transportation Authority,9,28,9,46,19.6,,Ryan Coholan Massachusetts Bay Transportation Authority
2025-11-08,Janno Lieber,MTA,13,32,14,59,23.7,,Janno Lieber MTA
2025-11-08,Monica Tibbits-Nutt,Massachusetts Bay Transportation Authority,11,37,12,60,20.0,,Monica Tibbits-Nutt Massachusetts Bay Transportation Authority
2025-11-08,Nora Leerhsen,Chicago Transit Authority,8,20,12,40,30.0,,Nora Leerhsen Chicago Transit Authority
2025-11-08,Phillip Eng,Massachusetts Bay Transportation Authority,14,31,8,53,15.1,,Phillip Eng Massachusetts Bay Transportation Authority
2025-11-08,Randy Clarke,Washington Metropolitan Area Transit Authority,22,25,9,56,16.1,,Randy Clarke Washington Metropolitan Area Transit Authority
2025-11-08,Ryan Coholan,Massachusetts Bay Transportation Authority,9,27,9,45,20.0,,Ryan Coholan Massachusetts Bay Transportation Authority
2025-11-09,Janno Lieber,MTA,13,32,15,60,25.0,,Janno Lieber MTA
2025-11-09,Monica Tibbits-Nutt,Massachusetts Bay Transportation Authority,11,36,13,60,21.7,,Monica Tibbits-Nutt Massachusetts Bay Transportation Authority
2025-11-09,Nora Leerhsen,Chicago Transit Authority,8,21,10,39,25.6,,Nora Leerhsen Chicago Transit Authority
2025-11-09,Phillip Eng,Massachusetts Bay Transportation Authority,15,31,7,53,13.2,,Phillip Eng Massachusetts Bay Transportation Authority
2025-11-09,Randy Clarke,Washington Metropolitan Area Transit Authority,22,27,10,59,16.9,,Randy Clarke Washington Metropolitan Area Transit Authority
2025-11-09,Ryan Coholan,Massachusetts Bay Transportation Authority,10,27,10,47,21.3,,Ryan Coholan Massachusetts Bay Transportation Authority
2025-11-10,Janno Lieber,MTA,11,32,16,59,27.1,,Janno Lieber MTA
2025-11-10,Monica Tibbits-Nutt,Massachusetts Bay Transportation Authority,11,33,14,58,24.1,,Monica Tibbits-Nutt Massachusetts Bay Transportation Authority
2025-11-10,Nora Leerhsen,Chicago Transit Authority,8,18,11,37,29.7,,Nora Leerhsen Chicago Transit Authority
2025-11-10,Phillip Eng,Massachusetts Bay Transportation Authority,14,30,7,51,13.7,,Phillip Eng Massachusetts Bay Transportation Authority
2025-11-10,Randy Clarke,Washington Metropolitan Area Transit Authority,21,24,10,55,18.2,,Randy Clarke Washington Metropolitan Area Transit Authority
2025-11-10,Ryan Coholan,Massachusetts Bay Transportation Authority,10,27,9,46,19.6,,Ryan Coholan Massachusetts Bay Transportation Authority
2025-11-11,Janno Lieber,MTA,13,32,15,60,25.0,,Janno Lieber MTA
2025-11-11,Monica Tibbits-Nutt,Massachusetts Bay Transportation Authority,10,34,14,58,24.1,,Monica Tibbits-Nutt Massachusetts Bay Transportation Authority
2025-11-11,Nora Leerhsen,Chicago Transit Authority,8,19,11,38,28.9,,Nora Leerhsen Chicago Transit Authority
2025-11-11,Phillip Eng,Massachusetts Bay Transportation Authority,13,31,7,51,13.7,,Phillip Eng Massachusetts Bay Transportation Authority
2025-11-11,Randy Clarke,Washington Metropolitan Area Transit Authority,23,24,11,58,19.0,,Randy Clarke Washington Metropolitan Area Transit Authority
2025-11-11,Ryan Coholan,Massachusetts Bay Transportation Authority,10,27,9,46,19.6,,Ryan Coholan Massachusetts Bay Transportation Authority
2025-11-12,Janno Lieber,MTA,11,32,17,60,28.3,,Janno Lieber MTA
2025-11-12,Monica Tibbits-Nutt,Massachusetts Bay Transportation Authority,12,36,14,62,22.6,,Monica Tibbits-Nutt Massachusetts Bay Transportation Authority
2025-11-12,Nora Leerhsen,Chicago Transit Authority,8,17,12,37,32.4,,Nora Leerhsen Chicago Transit Authority
2025-11-12,Phillip Eng,Massachusetts Bay Transportation Authority,13,31,7,51,13.7,,Phillip Eng Massachusetts Bay Transportation Authority
2025-11-12,Randy Clarke,Washington Metropolitan Area Transit Authority,22,24,11,57,19.3,,Randy Clarke Washington Metropolitan Area Transit Authority
2025-11-12,Ryan Coholan,Massachusetts Bay Transportation Authority,10,21,9,40,22.5,,Ryan Coholan Massachusetts Bay Transportation Authority
2025-11-13,Janno Lieber,MTA,13,14,12,39,30.8,,Janno Lieber MTA
2025-11-13,Monica Tibbits-Nutt,Massachusetts Bay Transportation Authority,11,36,12,59,20.3,,Monica Tibbits-Nutt Massachusetts Bay Transportation Authority
2025-11-13,Nora Leerhsen,Chicago Transit Authority,8,18,12,38,31.6,,Nora Leerhsen Chicago Transit Authority
2025-11-13,Phillip Eng,Massachusetts Bay Transportation Authority,15,31,7,53,13.2,,Phillip Eng Massachusetts Bay Transportation Authority
2025-11-13,Randy Clarke,Washington Metropolitan Area Transit Authority,19,26,11,56,19.6,,Randy Clarke Washington Metropolitan Area Transit Authority
2025-11-13,Ryan Coholan,Massachusetts Bay Transportation Authority,10,28,9,47,19.1,,Ryan Coholan Massachusetts Bay Transportation Authority
2025-11-14,Janno Lieber,MTA,12,32,18,62,29.0,,Janno Lieber MTA
2025-11-14,Monica Tibbits-Nutt,Massachusetts Bay Transportation Authority,11,36,12,59,20.3,,Monica Tibbits-Nutt Massachusetts Bay Transportation Authority
2025-11-14,Nora Leerhsen,Chicago Transit Authority,9,17,12,38,31.6,,Nora Leerhsen Chicago Transit Authority
2025-11-14,Phillip Eng,Massachusetts Bay Transportation Authority,14,31,7,52,13.5,,Phillip Eng Massachusetts Bay Transportation Authority
2025-11-14,Randy Clarke,Washington Metropolitan Area Transit Authority,20,26,10,56,17.9,,Randy Clarke Washington Metropolitan Area Transit Authority
2025-11-14,Ryan Coholan,Massachusetts Bay Transportation Authority,11,28,9,48,18.8,,Ryan Coholan Massachusetts Bay Transportation Authority
2025-11-15,Janno Lieber,MTA,14,30,19,63,30.2,,Janno Lieber MTA
2025-11-15,Monica Tibbits-Nutt,Massachusetts Bay Transportation Authority,12,33,13,58,22.4,,Monica Tibbits-Nutt Massachusetts Bay Transportation Authority
2025-11-15,Nora Leerhsen,Chicago Transit Authority,9,18,12,39,30.8,,Nora Leerhsen Chicago Transit Authority
2025-11-15,Phillip Eng,Massachusetts Bay Transportation Authority,13,31,7,51,13.7,,Phillip Eng Massachusetts Bay Transportation Authority
2025-11-15,Randy Clarke,Washington Metropolitan Area Transit Authority,20,25,13,58,22.4,,Randy Clarke Washington Metropolitan Area Transit Authority
2025-11-15,Ryan Coholan,Massachusetts Bay Transportation Authority,10,27,10,47,21.3,,Ryan Coholan Massachusetts Bay Transportation Authority
2025-11-16,Janno Lieber,MTA,10,32,20,62,32.3,,Janno Lieber MTA
2025-11-16,Monica Tibbits-Nutt,Massachusetts Bay Transportation Authority,10,36,13,59,22.0,,Monica Tibbits-Nutt Massachusetts Bay Transportation Authority
2025-11-16,Nora Leerhsen,Chicago Transit Authority,10,18,11,39,28.2,,Nora Leerhsen Chicago Transit Authority
2025-11-16,Phillip Eng,Massachusetts Bay Transportation Authority,13,33,6,52,11.5,,Phillip Eng Massachusetts Bay Transportation Authority
2025-11-16,Randy Clarke,Washington Metropolitan Area Transit Authority,20,25,11,56,19.6,,Randy Clarke Washington Metropolitan Area Transit Authority
2025-11-16,Ryan Coholan,Massachusetts Bay Transportation Authority,10,28,10,48,20.8,,Ryan Coholan Massachusetts Bay Transportation Authority
2025-11-17,Janno Lieber,MTA,10,32,20,62,32.3,,Janno Lieber MTA
2025-11-17,Monica Tibbits-Nutt,Massachusetts Bay Transportation Authority,11,37,13,61,21.3,,Monica Tibbits-Nutt Massachusetts Bay Transportation Authority
2025-11-17,Nora Leerhsen,Chicago Transit Authority,10,19,11,40,27.5,,Nora Leerhsen Chicago Transit Authority
2025-11-17,Phillip Eng,Massachusetts Bay Transportation Authority,13,33,6,52,11.5,,Phillip Eng Massachusetts Bay Transportation Authority
2025-11-17,Randy Clarke,Washington Metropolitan Area Transit Authority,22,24,11,57,19.3,,Randy Clarke Washington Metropolitan Area Transit Authority
2025-11-17,Ryan Coholan,Massachusetts Bay Transportation Authority,10,28,10,48,20.8,,Ryan Coholan Massachusetts Bay Transportation Authority
2025-11-18,Janno Lieber,MTA,6,29,15,50,30.0,,Janno Lieber MTA
2025-11-18,Monica Tibbits-Nutt,Massachusetts Bay Transportation Authority,11,35,14,60,23.3,,Monica Tibbits-Nutt Massachusetts Bay Transportation Authority
2025-11-18,Nora Leerhsen,Chicago Transit Authority,11,17,12,40,30.0,,Nora Leerhsen Chicago Transit Authority
2025-11-18,Phillip Eng,Massachusetts Bay Transportation Authority,11,33,5,49,10.2,,Phillip Eng Massachusetts Bay Transportation Authority
2025-11-18,Randy Clarke,Washington Metropolitan Area Transit Authority,22,24,11,57,19.3,,Randy Clarke Washington Metropolitan Area Transit Authority
2025-11-18,Ryan Coholan,Massachusetts Bay Transportation Authority,12,27,11,50,22.0,,Ryan Coholan Massachusetts Bay Transportation Authority
2025-11-19,Janno Lieber,MTA,9,34,20,63,31.7,,Janno Lieber MTA
2025-11-19,Monica Tibbits-Nutt,Massachusetts Bay Transportation Authority,11,34,14,59,23.7,,Monica Tibbits-Nutt Massachusetts Bay Transportation Authority
2025-11-19,Nora Leerhsen,Chicago Transit Authority,11,18,11,40,27.5,,Nora Leerhsen Chicago Transit Authority
2025-11-19,Phillip Eng,Massachusetts Bay Transportation Authority,12,32,5,49,10.2,,Phillip Eng Massachusetts Bay Transportation Authority
2025-11-19,Randy Clarke,Washington Metropolitan Area Transit Authority,20,25,12,57,21.1,,Randy Clarke Washington Metropolitan Area Transit Authority
2025-11-19,Ryan Coholan,Massachusetts Bay Transportation Authority,12,27,12,51,23.5,,Ryan Coholan Massachusetts Bay Transportation Authority
2025-11-20,Janno Lieber,MTA,10,33,19,62,30.6,,Janno Lieber MTA
2025-11-20,Monica Tibbits-Nutt,Massachusetts Bay Transportation Authority,12,33,14,59,23.7,,Monica Tibbits-Nutt Massachusetts Bay Transportation Authority
2025-11-20,Nora Leerhsen,Chicago Transit Authority,12,17,11,40,27.5,,Nora Leerhsen Chicago Transit Authority
2025-11-20,Phillip Eng,Massachusetts Bay Transportation Authority,12,32,6,50,12.0,,Phillip Eng Massachusetts Bay Transportation Authority
2025-11-20,Randy Clarke,Washington Metropolitan Area Transit Authority,21,25,10,56,17.9,,Randy Clarke Washington Metropolitan Area Transit Authority
2025-11-20,Ryan Coholan,Massachusetts Bay Transportation Authority,12,25,12,49,24.5,,Ryan Coholan Massachusetts Bay Transportation Authority
2025-11-21,Janno Lieber,MTA,9,31,21,61,34.4,,Janno Lieber MTA
2025-11-21,Monica Tibbits-Nutt,Massachusetts Bay Transportation Authority,10,37,13,60,21.7,,Monica Tibbits-Nutt Massachusetts Bay Transportation Authority
2025-11-21,Nora Leerhsen,Chicago Transit Authority,12,16,12,40,30.0,,Nora Leerhsen Chicago Transit Authority
2025-11-21,Phillip Eng,Massachusetts Bay Transportation Authority,10,33,7,50,14.0,,Phillip Eng Massachusetts Bay Transportation Authority
2025-11-21,Randy Clarke,Washington Metropolitan Area Transit Authority,22,26,11,59,18.6,,Randy Clarke Washington Metropolitan Area Transit Authority
2025-11-21,Ryan Coholan,Massachusetts Bay Transportation Authority,11,26,11,48,22.9,,Ryan Coholan Massachusetts Bay Transportation Authority
2025-11-22,Janno Lieber,MTA,10,30,21,61,34.4,,Janno Lieber MTA
2025-11-22,Monica Tibbits-Nutt,Massachusetts Bay Transportation Authority,11,34,14,59,23.7,,Monica Tibbits-Nutt Massachusetts Bay Transportation Authority
2025-11-22,Nora Leerhsen,Chicago Transit Authority,12,18,12,42,28.6,,Nora Leerhsen Chicago Transit Authority
2025-11-22,Phillip Eng,Massachusetts Bay Transportation Authority,12,33,6,51,11.8,,Phillip Eng Massachusetts Bay Transportation Authority
2025-11-22,Randy Clarke,Washington Metropolitan Area Transit Authority,23,25,8,56,14.3,,Randy Clarke Washington Metropolitan Area Transit Authority
2025-11-22,Ryan Coholan,Massachusetts Bay Transportation Authority,13,25,11,49,22.4,,Ryan Coholan Massachusetts Bay Transportation Authority
2025-11-23,Janno Lieber,MTA,12,31,17,60,28.3,,Janno Lieber MTA
2025-11-23,Monica Tibbits-Nutt,Massachusetts Bay Transportation Authority,11,33,14,58,24.1,,Monica Tibbits-Nutt Massachusetts Bay Transportation Authority
2025-11-23,Nora Leerhsen,Chicago Transit Authority,12,18,12,42,28.6,,Nora Leerhsen Chicago Transit Authority
2025-11-23,Phillip Eng,Massachusetts Bay Transportation Authority,12,32,7,51,13.7,,Phillip Eng Massachusetts Bay Transportation Authority
2025-11-23,Randy Clarke,Washington Metropolitan Area Transit Authority,23,24,11,58,19.0,,Randy Clarke Washington Metropolitan Area Transit Authority
2025-11-23,Ryan Coholan,Massachusetts Bay Transportation Authority,11,28,11,50,22.0,,Ryan Coholan Massachusetts Bay Transportation Authority
2025-11-24,Janno Lieber,MTA,12,30,18,60,30.0,,Janno Lieber MTA
2025-11-24,Monica Tibbits-Nutt,Massachusetts Bay Transportation Authority,11,36,13,60,21.7,,Monica Tibbits-Nutt Massachusetts Bay Transportation Authority
2025-11-24,Nora Leerhsen,Chicago Transit Authority,11,18,13,42,31.0,,Nora Leerhsen Chicago Transit Authority
2025-11-24,Phillip Eng,Massachusetts Bay Transportation Authority,12,32,7,51,13.7,,Phillip Eng Massachusetts Bay Transportation Authority
2025-11-24,Randy Clarke,Washington Metropolitan Area Transit Authority,23,25,12,60,20.0,,Randy Clarke Washington Metropolitan Area Transit Authority
2025-11-24,Ryan Coholan,Massachusetts Bay Transportation Authority,13,27,11,51,21.6,,Ryan Coholan Massachusetts Bay Transportation Authority
2025-11-25,Janno Lieber,MTA,13,31,16,60,26.7,,Janno Lieber MTA
2025-11-25,Monica Tibbits-Nutt,Massachusetts Bay Transportation Authority,11,34,13,58,22.4,,Monica Tibbits-Nutt Massachusetts Bay Transportation Authority
2025-11-25,Nora Leerhsen,Chicago Transit Authority,11,18,12,41,29.3,,Nora Leerhsen Chicago Transit Authority
2025-11-25,Phillip Eng,Massachusetts Bay Transportation Authority,11,33,7,51,13.7,,Phillip Eng Massachusetts Bay Transportation Authority
2025-11-25,Randy Clarke,Washington Metropolitan Area Transit Authority,22,28,8,58,13.8,,Randy Clarke Washington Metropolitan Area Transit Authority
2025-11-25,Ryan Coholan,Massachusetts Bay Transportation Authority,13,26,11,50,22.0,,Ryan Coholan Massachusetts Bay Transportation Authority
2025-11-26,Janno Lieber,MTA,12,31,17,60,28.3,,Janno Lieber MTA
2025-11-26,Monica Tibbits-Nutt,Massachusetts Bay Transportation Authority,11,35,13,59,22.0,,Monica Tibbits-Nutt Massachusetts Bay Transportation Authority
2025-11-26,Nora Leerhsen,Chicago Transit Authority,12,18,12,42,28.6,,Nora Leerhsen Chicago Transit Authority
2025-11-26,Phillip Eng,Massachusetts Bay Transportation Authority,10,33,7,50,14.0,,Phillip Eng Massachusetts Bay Transportation Authority
2025-11-26,Randy Clarke,Washington Metropolitan Area Transit Authority,22,27,9,58,15.5,,Randy Clarke Washington Metropolitan Area Transit Authority
2025-11-26,Ryan Coholan,Massachusetts Bay Transportation Authority,11,25,10,46,21.7,,Ryan Coholan Massachusetts Bay Transportation Authority
2025-11-27,Janno Lieber,MTA,11,31,17,59,28.8,,Janno Lieber MTA
2025-11-27,Monica Tibbits-Nutt,Massachusetts Bay Transportation Authority,12,32,12,56,21.4,,Monica Tibbits-Nutt Massachusetts Bay Transportation Authority
2025-11-27,Nora Leerhsen,Chicago Transit Authority,12,18,12,42,28.6,,Nora Leerhsen Chicago Transit Authority
2025-11-27,Phillip Eng,Massachusetts Bay Transportation Authority,10,34,7,51,13.7,,Phillip Eng Massachusetts Bay Transportation Authority
2025-11-27,Randy Clarke,Washington Metropolitan Area Transit Authority,22,26,11,59,18.6,,Randy Clarke Washington Metropolitan Area Transit Authority
2025-11-27,Ryan Coholan,Massachusetts Bay Transportation Authority,10,25,11,46,23.9,,Ryan Coholan Massachusetts Bay Transportation Authority
2025-11-28,Janno Lieber,MTA,10,30,18,58,31.0,,Janno Lieber MTA
2025-11-28,Monica Tibbits-Nutt,Massachusetts Bay Transportation Authority,11,34,12,57,21.1,,Monica Tibbits-Nutt Massachusetts Bay Transportation Authority
2025-11-28,Nora Leerhsen,Chicago Transit Authority,12,17,11,40,27.5,,Nora Leerhsen Chicago Transit Authority
2025-11-28,Phillip Eng,Massachusetts Bay Transportation Authority,9,34,8,51,15.7,,Phillip Eng Massachusetts Bay Transportation Authority
2025-11-28,Randy Clarke,Washington Metropolitan Area Transit Authority,20,24,10,54,18.5,,Randy Clarke Washington Metropolitan Area Transit Authority
2025-11-28,Ryan Coholan,Massachusetts Bay Transportation Authority,12,24,11,47,23.4,,Ryan Coholan Massachusetts Bay Transportation Authority
2025-11-29,Janno Lieber,MTA,11,30,17,58,29.3,,Janno Lieber MTA
2025-11-29,Monica Tibbits-Nutt,Massachusetts Bay Transportation Authority,11,37,12,60,20.0,,Monica Tibbits-Nutt Massachusetts Bay Transportation Authority
2025-11-29,Nora Leerhsen,Chicago Transit Authority,12,17,12,41,29.3,,Nora Leerhsen Chicago Transit Authority
2025-11-29,Phillip Eng,Massachusetts Bay Transportation Authority,10,34,7,51,13.7,,Phillip Eng Massachusetts Bay Transportation Authority
2025-11-29,Randy Clarke,Washington Metropolitan Area Transit Authority,24,25,7,56,12.5,,Randy Clarke Washington Metropolitan Area Transit Authority
2025-11-29,Ryan Coholan,Massachusetts Bay Transportation Authority,11,26,11,48,22.9,,Ryan Coholan Massachusetts Bay Transportation Authority
2025-11-30,Janno Lieber,MTA,11,32,17,60,28.3,,Janno Lieber MTA
2025-11-30,Monica Tibbits-Nutt,Massachusetts Bay Transportation Authority,11,35,12,58,20.7,,Monica Tibbits-Nutt Massachusetts Bay Transportation Authority
2025-11-30,Nora Leerhsen,Chicago Transit Authority,13,17,12,42,28.6,,Nora Leerhsen Chicago Transit Authority
2025-11-30,Phillip Eng,Massachusetts Bay Transportation Authority,10,35,7,52,13.5,,Phillip Eng Massachusetts Bay Transportation Authority
2025-11-30,Randy Clarke,Washington Metropolitan Area Transit Authority,23,25,7,55,12.7,,Randy Clarke Washington Metropolitan Area Transit Authority
2025-11-30,Ryan Coholan,Massachusetts Bay Transportation Authority,11,28,10,49,20.4,,Ryan Coholan Massachusetts Bay Transportation Authority
2025-12-01,Janno Lieber,MTA,11,31,17,59,28.8,,Janno Lieber MTA
2025-12-01,Monica Tibbits-Nutt,Massachusetts Bay Transportation Authority,11,36,12,59,20.3,,Monica Tibbits-Nutt Massachusetts Bay Transportation Authority
2025-12-01,Nora Leerhsen,Chicago Transit Authority,13,17,12,42,28.6,,Nora Leerhsen Chicago Transit Authority
2025-12-01,Phillip Eng,Massachusetts Bay Transportation Authority,10,33,9,52,17.3,,Phillip Eng Massachusetts Bay Transportation Authority
2025-12-01,Randy Clarke,Washington Metropolitan Area Transit Authority,24,24,10,58,17.2,,Randy Clarke Washington Metropolitan Area Transit Authority
2025-12-01,Ryan Coholan,Massachusetts Bay Transportation Authority,12,27,10,49,20.4,,Ryan Coholan Massachusetts Bay Transportation Authority
2025-12-02,Janno Lieber,MTA,13,30,17,60,28.3,,Janno Lieber MTA
2025-12-02,Monica Tibbits-Nutt,Massachusetts Bay Transportation Authority,11,36,12,59,20.3,,Monica Tibbits-Nutt Massachusetts Bay Transportation Authority
2025-12-02,Nora Leerhsen,Chicago Transit Authority,13,17,12,42,28.6,,Nora Leerhsen Chicago Transit Authority
2025-12-02,Phillip Eng,Massachusetts Bay Transportation Authority,9,32,9,50,18.0,,Phillip Eng Massachusetts Bay Transportation Authority
2025-12-02,Randy Clarke,Washington Metropolitan Area Transit Authority,26,23,9,58,15.5,,Randy Clarke Washington Metropolitan Area Transit Authority
2025-12-02,Ryan Coholan,Massachusetts Bay Transportation Authority,12,30,10,52,19.2,,Ryan Coholan Massachusetts Bay Transportation Authority
2025-12-03,Janno Lieber,MTA,10,33,15,58,25.9,,Janno Lieber MTA
2025-12-03,Monica Tibbits-Nutt,Massachusetts Bay Transportation Authority,11,34,12,57,21.1,,Monica Tibbits-Nutt Massachusetts Bay Transportation Authority
2025-12-03,Nora Leerhsen,Chicago Transit Authority,13,16,12,41,29.3,,Nora Leerhsen Chicago Transit Authority
2025-12-03,Phillip Eng,Massachusetts Bay Transportation Authority,10,33,8,51,15.7,,Phillip Eng Massachusetts Bay Transportation Authority
2025-12-03,Randy Clarke,Washington Metropolitan Area Transit Authority,25,23,10,58,17.2,,Randy Clarke Washington Metropolitan Area Transit Authority
2025-12-03,Ryan Coholan,Massachusetts Bay Transportation Authority,11,30,13,54,24.1,,Ryan Coholan Massachusetts Bay Transportation Authority
2025-12-04,Janno Lieber,MTA,11,32,14,57,24.6,,Janno Lieber MTA
2025-12-04,Monica Tibbits-Nutt,Massachusetts Bay Transportation Authority,11,34,13,58,22.4,,Monica Tibbits-Nutt Massachusetts Bay Transportation Authority
2025-12-04,Nora Leerhsen,Chicago Transit Authority,14,16,12,42,28.6,,Nora Leerhsen Chicago Transit Authority
2025-12-04,Phillip Eng,Massachusetts Bay Transportation Authority,10,32,8,50,16.0,,Phillip Eng Massachusetts Bay Transportation Authority
2025-12-04,Randy Clarke,Washington Metropolitan Area Transit Authority,24,22,11,57,19.3,,Randy Clarke Washington Metropolitan Area Transit Authority
2025-12-04,Ryan Coholan,Massachusetts Bay Transportation Authority,10,29,10,49,20.4,,Ryan Coholan Massachusetts Bay Transportation Authority
2025-12-05,Janno Lieber,MTA,9,33,15,57,26.3,,Janno Lieber MTA
2025-12-05,Monica Tibbits-Nutt,Massachusetts Bay Transportation Authority,11,34,12,57,21.1,,Monica Tibbits-Nutt Massachusetts Bay Transportation Authority
2025-12-05,Nora Leerhsen,Chicago Transit Authority,16,16,12,44,27.3,,Nora Leerhsen Chicago Transit Authority
2025-12-05,Phillip Eng,Massachusetts Bay Transportation Authority,9,34,8,51,15.7,,Phillip Eng Massachusetts Bay Transportation Authority
2025-12-05,Randy Clarke,Washington Metropolitan Area Transit Authority,26,23,8,57,14.0,,Randy Clarke Washington Metropolitan Area Transit Authority
2025-12-05,Ryan Coholan,Massachusetts Bay Transportation Authority,10,30,12,52,23.1,,Ryan Coholan Massachusetts Bay Transportation Authority
2025-12-06,Janno Lieber,MTA,10,29,17,56,30.4,,Janno Lieber MTA
2025-12-06,Monica Tibbits-Nutt,Massachusetts Bay Transportation Authority,11,36,13,60,21.7,,Monica Tibbits-Nutt Massachusetts Bay Transportation Authority
2025-12-06,Nora Leerhsen,Chicago Transit Authority,14,17,12,43,27.9,,Nora Leerhsen Chicago Transit Authority
2025-12-06,Phillip Eng,Massachusetts Bay Transportation Authority,13,33,7,53,13.2,,Phillip Eng Massachusetts Bay Transportation Authority
2025-12-06,Randy Clarke,Washington Metropolitan Area Transit Authority,26,23,9,58,15.5,,Randy Clarke Washington Metropolitan Area Transit Authority
2025-12-06,Ryan Coholan,Massachusetts Bay Transportation Authority,11,30,11,52,21.2,,Ryan Coholan Massachusetts Bay Transportation Authority
2025-12-07,Janno Lieber,MTA,10,30,16,56,28.6,,Janno Lieber MTA
2025-12-07,Monica Tibbits-Nutt,Massachusetts Bay Transportation Authority,11,35,12,58,20.7,,Monica Tibbits-Nutt Massachusetts Bay Transportation Authority
2025-12-07,Nora Leerhsen,Chicago Transit Authority,15,17,11,43,25.6,,Nora Leerhsen Chicago Transit Authority
2025-12-07,Phillip Eng,Massachusetts Bay Transportation Authority,13,33,7,53,13.2,,Phillip Eng Massachusetts Bay Transportation Authority
2025-12-07,Randy Clarke,Washington Metropolitan Area Transit Authority,25,24,9,58,15.5,,Randy Clarke Washington Metropolitan Area Transit Authority
2025-12-07,Ryan Coholan,Massachusetts Bay Transportation Authority,11,29,11,51,21.6,,Ryan Coholan Massachusetts Bay Transportation Authority
2025-12-08,Janno Lieber,MTA,7,34,15,56,26.8,,Janno Lieber MTA
2025-12-08,Monica Tibbits-Nutt,Massachusetts Bay Transportation Authority,11,37,12,60,20.0,,Monica Tibbits-Nutt Massachusetts Bay Transportation Authority
2025-12-08,Nora Leerhsen,Chicago Transit Authority,15,16,11,42,26.2,,Nora Leerhsen Chicago Transit Authority
2025-12-08,Phillip Eng,Massachusetts Bay Transportation Authority,12,34,7,53,13.2,,Phillip Eng Massachusetts Bay Transportation Authority
2025-12-08,Randy Clarke,Washington Metropolitan Area Transit Authority,26,24,9,59,15.3,,Randy Clarke Washington Metropolitan Area Transit Authority
2025-12-08,Ryan Coholan,Massachusetts Bay Transportation Authority,11,28,12,51,23.5,,Ryan Coholan Massachusetts Bay Transportation Authority
2025-12-09,Janno Lieber,MTA,8,33,16,57,28.1,,Janno Lieber MTA
2025-12-09,Monica Tibbits-Nutt,Massachusetts Bay Transportation Authority,11,35,12,58,20.7,,Monica Tibbits-Nutt Massachusetts Bay Transportation Authority
2025-12-09,Nora Leerhsen,Chicago Transit Authority,15,16,11,42,26.2,,Nora Leerhsen Chicago Transit Authority
2025-12-09,Phillip Eng,Massachusetts Bay Transportation Authority,12,34,7,53,13.2,,Phillip Eng Massachusetts Bay Transportation Authority
2025-12-09,Randy Clarke,Washington Metropolitan Area Transit Authority,26,23,7,56,12.5,,Randy Clarke Washington Metropolitan Area Transit Authority
2025-12-09,Ryan Coholan,Massachusetts Bay Transportation Authority,11,28,11,50,22.0,,Ryan Coholan Massachusetts Bay Transportation Authority
2025-12-10,Janno Lieber,MTA,10,33,13,56,23.2,,Janno Lieber MTA
2025-12-10,Monica Tibbits-Nutt,Massachusetts Bay Transportation Authority,11,35,14,60,23.3,,Monica Tibbits-Nutt Massachusetts Bay Transportation Authority
2025-12-10,Nora Leerhsen,Chicago Transit Authority,14,17,11,42,26.2,,Nora Leerhsen Chicago Transit Authority
2025-12-10,Phillip Eng,Massachusetts Bay Transportation Authority,12,33,7,52,13.5,,Phillip Eng Massachusetts Bay Transportation Authority
2025-12-10,Randy Clarke,Washington Metropolitan Area Transit Authority,24,23,10,57,17.5,,Randy Clarke Washington Metropolitan Area Transit Authority
2025-12-10,Ryan Coholan,Massachusetts Bay Transportation Authority,10,29,11,50,22.0,,Ryan Coholan Massachusetts Bay Transportation Authority
2025-12-11,Janno Lieber,MTA,9,31,14,54,25.9,,Janno Lieber MTA
2025-12-11,Monica Tibbits-Nutt,Massachusetts Bay Transportation Authority,11,36,14,61,23.0,,Monica Tibbits-Nutt Massachusetts Bay Transportation Authority
2025-12-11,Nora Leerhsen,Chicago Transit Authority,15,16,12,43,27.9,,Nora Leerhsen Chicago Transit Authority
2025-12-11,Phillip Eng,Massachusetts Bay Transportation Authority,12,33,8,53,15.1,,Phillip Eng Massachusetts Bay Transportation Authority
2025-12-11,Randy Clarke,Washington Metropolitan Area Transit Authority,24,24,7,55,12.7,,Randy Clarke Washington Metropolitan Area Transit Authority
2025-12-11,Ryan Coholan,Massachusetts Bay Transportation Authority,11,28,11,50,22.0,,Ryan Coholan Massachusetts Bay Transportation Authority
2025-12-12,Janno Lieber,MTA,9,29,17,55,30.9,,Janno Lieber MTA
2025-12-12,Monica Tibbits-Nutt,Massachusetts Bay Transportation Authority,12,34,14,60,23.3,,Monica Tibbits-Nutt Massachusetts Bay Transportation Authority
2025-12-12,Nora Leerhsen,Chicago Transit Authority,16,17,11,44,25.0,,Nora Leerhsen Chicago Transit Authority
2025-12-12,Phillip Eng,Massachusetts Bay Transportation Authority,13,34,8,55,14.5,,Phillip Eng Massachusetts Bay Transportation Authority
2025-12-12,Randy Clarke,Washington Metropolitan Area Transit Authority,24,24,9,57,15.8,,Randy Clarke Washington Metropolitan Area Transit Authority
2025-12-12,Ryan Coholan,Massachusetts Bay Transportation Authority,10,28,11,49,22.4,,Ryan Coholan Massachusetts Bay Transportation Authority
2025-12-13,Janno Lieber,MTA,9,32,15,56,26.8,,Janno Lieber MTA
2025-12-13,Monica Tibbits-Nutt,Massachusetts Bay Transportation Authority,12,34,15,61,24.6,,Monica Tibbits-Nutt Massachusetts Bay Transportation Authority
2025-12-13,Nora Leerhsen,Chicago Transit Authority,16,16,12,44,27.3,,Nora Leerhsen Chicago Transit Authority
2025-12-13,Phillip Eng,Massachusetts Bay Transportation Authority,12,35,9,56,16.1,,Phillip Eng Massachusetts Bay Transportation Authority
2025-12-13,Randy Clarke,Washington Metropolitan Area Transit Authority,24,24,10,58,17.2,,Randy Clarke Washington Metropolitan Area Transit Authority
2025-12-13,Ryan Coholan,Massachusetts Bay Transportation Authority,10,30,10,50,20.0,,Ryan Coholan Massachusetts Bay Transportation Authority
2025-12-14,Janno Lieber,MTA,7,32,17,56,30.4,,Janno Lieber MTA
2025-12-14,Monica Tibbits-Nutt,Massachusetts Bay Transportation Authority,13,34,14,61,23.0,,Monica Tibbits-Nutt Massachusetts Bay Transportation Authority
2025-12-14,Nora Leerhsen,Chicago Transit Authority,16,15,13,44,29.5,,Nora Leerhsen Chicago Transit Authority
2025-12-14,Phillip Eng,Massachusetts Bay Transportation Authority,11,35,8,54,14.8,,Phillip Eng Massachusetts Bay Transportation Authority
2025-12-14,Randy Clarke,Washington Metropolitan Area Transit Authority,27,25,9,61,14.8,,Randy Clarke Washington Metropolitan Area Transit Authority
2025-12-14,Ryan Coholan,Massachusetts Bay Transportation Authority,11,29,11,51,21.6,,Ryan Coholan Massachusetts Bay Transportation Authority
2025-12-15,Janno Lieber,MTA,8,32,16,56,28.6,,Janno Lieber MTA
2025-12-15,Monica Tibbits-Nutt,Massachusetts Bay Transportation Authority,11,35,14,60,23.3,,Monica Tibbits-Nutt Massachusetts Bay Transportation Authority
2025-12-15,Nora Leerhsen,Chicago Transit Authority,16,15,13,44,29.5,,Nora Leerhsen Chicago Transit Authority
2025-12-15,Phillip Eng,Massachusetts Bay Transportation Authority,12,35,7,54,13.0,,Phillip Eng Massachusetts Bay Transportation Authority
2025-12-15,Randy Clarke,Washington Metropolitan Area Transit Authority,24,25,10,59,16.9,,Randy Clarke Washington Metropolitan Area Transit Authority
2025-12-15,Ryan Coholan,Massachusetts Bay Transportation Authority,12,28,9,49,18.4,,Ryan Coholan Massachusetts Bay Transportation Authority
2025-12-16,Janno Lieber,MTA,9,30,15,54,27.8,,Janno Lieber MTA
2025-12-16,Monica Tibbits-Nutt,Massachusetts Bay Transportation Authority,11,35,14,60,23.3,,Monica Tibbits-Nutt Massachusetts Bay Transportation Authority
2025-12-16,Nora Leerhsen,Chicago Transit Authority,16,15,13,44,29.5,,Nora Leerhsen Chicago Transit Authority
2025-12-16,Phillip Eng,Massachusetts Bay Transportation Authority,12,34,7,53,13.2,,Phillip Eng Massachusetts Bay Transportation Authority
2025-12-16,Randy Clarke,Washington Metropolitan Area Transit Authority,25,27,8,60,13.3,,Randy Clarke Washington Metropolitan Area Transit Authority
2025-12-16,Ryan Coholan,Massachusetts Bay Transportation Authority,13,27,11,51,21.6,,Ryan Coholan Massachusetts Bay Transportation Authority
2025-12-17,Janno Lieber,MTA,10,30,18,58,31.0,,Janno Lieber MTA
2025-12-17,Monica Tibbits-Nutt,Massachusetts Bay Transportation Authority,11,35,14,60,23.3,,Monica Tibbits-Nutt Massachusetts Bay Transportation Authority
2025-12-17,Nora Leerhsen,Chicago Transit Authority,11,14,11,36,30.6,,Nora Leerhsen Chicago Transit Authority
2025-12-17,Phillip Eng,Massachusetts Bay Transportation Authority,11,33,6,50,12.0,,Phillip Eng Massachusetts Bay Transportation Authority
2025-12-17,Randy Clarke,Washington Metropolitan Area Transit Authority,24,25,10,59,16.9,,Randy Clarke Washington Metropolitan Area Transit Authority
2025-12-17,Ryan Coholan,Massachusetts Bay Transportation Authority,13,26,11,50,22.0,,Ryan Coholan Massachusetts Bay Transportation Authority
2025-12-18,Janno Lieber,MTA,9,33,16,58,27.6,,Janno Lieber MTA
2025-12-18,Monica Tibbits-Nutt,Massachusetts Bay Transportation Authority,11,37,13,61,21.3,,Monica Tibbits-Nutt Massachusetts Bay Transportation Authority
2025-12-18,Nora Leerhsen,Chicago Transit Authority,15,16,12,43,27.9,,Nora Leerhsen Chicago Transit Authority
2025-12-18,Phillip Eng,Massachusetts Bay Transportation Authority,12,33,6,51,11.8,,Phillip Eng Massachusetts Bay Transportation Authority
2025-12-18,Randy Clarke,Washington Metropolitan Area Transit Authority,22,28,10,60,16.7,,Randy Clarke Washington Metropolitan Area Transit Authority
2025-12-18,Ryan Coholan,Massachusetts Bay Transportation Authority,14,28,10,52,19.2,,Ryan Coholan Massachusetts Bay Transportation Authority
2025-12-19,Janno Lieber,MTA,9,32,18,59,30.5,,Janno Lieber MTA
2025-12-19,Monica Tibbits-Nutt,Massachusetts Bay Transportation Authority,13,32,13,58,22.4,,Monica Tibbits-Nutt Massachusetts Bay Transportation Authority
2025-12-19,Nora Leerhsen,Chicago Transit Authority,15,16,13,44,29.5,,Nora Leerhsen Chicago Transit Authority
2025-12-19,Phillip Eng,Massachusetts Bay Transportation Authority,11,33,5,49,10.2,,Phillip Eng Massachusetts Bay Transportation Authority
2025-12-19,Randy Clarke,Washington Metropolitan Area Transit Authority,24,26,8,58,13.8,,Randy Clarke Washington Metropolitan Area Transit Authority
2025-12-19,Ryan Coholan,Massachusetts Bay Transportation Authority,14,31,10,55,18.2,,Ryan Coholan Massachusetts Bay Transportation Authority
2025-12-20,Janno Lieber,MTA,10,31,18,59,30.5,,Janno Lieber MTA
2025-12-20,Monica Tibbits-Nutt,Massachusetts Bay Transportation Authority,13,34,13,60,21.7,,Monica Tibbits-Nutt Massachusetts Bay Transportation Authority
2025-12-20,Nora Leerhsen,Chicago Transit Authority,16,16,15,47,31.9,,Nora Leerhsen Chicago Transit Authority
2025-12-20,Phillip Eng,Massachusetts Bay Transportation Authority,12,34,5,51,9.8,,Phillip Eng Massachusetts Bay Transportation Authority
2025-12-20,Randy Clarke,Washington Metropolitan Area Transit Authority,23,28,9,60,15.0,,Randy Clarke Washington Metropolitan Area Transit Authority
2025-12-20,Ryan Coholan,Massachusetts Bay Transportation Authority,13,31,9,53,17.0,,Ryan Coholan Massachusetts Bay Transportation Authority
2025-12-21,Janno Lieber,MTA,9,30,21,60,35.0,,Janno Lieber MTA
2025-12-21,Monica Tibbits-Nutt,Massachusetts Bay Transportation Authority,13,34,13,60,21.7,,Monica Tibbits-Nutt Massachusetts Bay Transportation Authority
2025-12-21,Nora Leerhsen,Chicago Transit Authority,17,15,15,47,31.9,,Nora Leerhsen Chicago Transit Authority
2025-12-21,Phillip Eng,Massachusetts Bay Transportation Authority,13,35,5,53,9.4,,Phillip Eng Massachusetts Bay Transportation Authority
2025-12-21,Randy Clarke,Washington Metropolitan Area Transit Authority,22,28,10,60,16.7,,Randy Clarke Washington Metropolitan Area Transit Authority
2025-12-21,Ryan Coholan,Massachusetts Bay Transportation Authority,14,32,8,54,14.8,,Ryan Coholan Massachusetts Bay Transportation Authority
2025-12-22,Janno Lieber,MTA,9,30,18,57,31.6,,Janno Lieber MTA
2025-12-22,Monica Tibbits-Nutt,Massachusetts Bay Transportation Authority,12,36,13,61,21.3,,Monica Tibbits-Nutt Massachusetts Bay Transportation Authority
2025-12-22,Nora Leerhsen,Chicago Transit Authority,16,17,15,48,31.2,,Nora Leerhsen Chicago Transit Authority
2025-12-22,Phillip Eng,Massachusetts Bay Transportation Authority,13,32,5,50,10.0,,Phillip Eng Massachusetts Bay Transportation Authority
2025-12-22,Randy Clarke,Washington Metropolitan Area Transit Authority,23,26,10,59,16.9,,Randy Clarke Washington Metropolitan Area Transit Authority
2025-12-22,Ryan Coholan,Massachusetts Bay Transportation Authority,14,33,8,55,14.5,,Ryan Coholan Massachusetts Bay Transportation Authority
2025-12-23,Janno Lieber,MTA,9,31,17,57,29.8,,Janno Lieber MTA
2025-12-23,Monica Tibbits-Nutt,Massachusetts Bay Transportation Authority,13,35,13,61,21.3,,Monica Tibbits-Nutt Massachusetts Bay Transportation Authority
2025-12-23,Nora Leerhsen,Chicago Transit Authority,17,16,14,47,29.8,,Nora Leerhsen Chicago Transit Authority
2025-12-23,Phillip Eng,Massachusetts Bay Transportation Authority,12,34,5,51,9.8,,Phillip Eng Massachusetts Bay Transportation Authority
2025-12-23,Randy Clarke,Washington Metropolitan Area Transit Authority,22,27,8,57,14.0,,Randy Clarke Washington Metropolitan Area Transit Authority
2025-12-23,Ryan Coholan,Massachusetts Bay Transportation Authority,12,32,8,52,15.4,,Ryan Coholan Massachusetts Bay Transportation Authority
2025-12-24,Janno Lieber,MTA,10,30,18,58,31.0,,Janno Lieber MTA
2025-12-24,Monica Tibbits-Nutt,Massachusetts Bay Transportation Authority,13,35,13,61,21.3,,Monica Tibbits-Nutt Massachusetts Bay Transportation Authority
2025-12-24,Nora Leerhsen,Chicago Transit Authority,16,17,13,46,28.3,,Nora Leerhsen Chicago Transit Authority
2025-12-24,Phillip Eng,Massachusetts Bay Transportation Authority,12,34,6,52,11.5,,Phillip Eng Massachusetts Bay Transportation Authority
2025-12-24,Randy Clarke,Washington Metropolitan Area Transit Authority,23,24,9,56,16.1,,Randy Clarke Washington Metropolitan Area Transit Authority
2025-12-24,Ryan Coholan,Massachusetts Bay Transportation Authority,12,34,8,54,14.8,,Ryan Coholan Massachusetts Bay Transportation Authority
2025-12-25,Janno Lieber,MTA,10,31,18,59,30.5,,Janno Lieber MTA
2025-12-25,Monica Tibbits-Nutt,Massachusetts Bay Transportation Authority,12,34,13,59,22.0,,Monica Tibbits-Nutt Massachusetts Bay Transportation Authority
2025-12-25,Nora Leerhsen,Chicago Transit Authority,15,18,13,46,28.3,,Nora Leerhsen Chicago Transit Authority
2025-12-25,Phillip Eng,Massachusetts Bay Transportation Authority,11,34,6,51,11.8,,Phillip Eng Massachusetts Bay Transportation Authority
2025-12-25,Randy Clarke,Washington Metropolitan Area Transit Authority,21,25,10,56,17.9,,Randy Clarke Washington Metropolitan Area Transit Authority
2025-12-25,Ryan Coholan,Massachusetts Bay Transportation Authority,13,33,9,55,16.4,,Ryan Coholan Massachusetts Bay Transportation Authority
2025-12-26,Janno Lieber,MTA,10,30,20,60,33.3,,Janno Lieber MTA
2025-12-26,Monica Tibbits-Nutt,Massachusetts Bay Transportation Authority,12,34,13,59,22.0,,Monica Tibbits-Nutt Massachusetts Bay Transportation Authority
2025-12-26,Nora Leerhsen,Chicago Transit Authority,15,18,13,46,28.3,,Nora Leerhsen Chicago Transit Authority
2025-12-26,Phillip Eng,Massachusetts Bay Transportation Authority,12,32,6,50,12.0,,Phillip Eng Massachusetts Bay Transportation Authority
2025-12-26,Randy Clarke,Washington Metropolitan Area Transit Authority,23,25,9,57,15.8,,Randy Clarke Washington Metropolitan Area Transit Authority
2025-12-26,Ryan Coholan,Massachusetts Bay Transportation Authority,12,34,8,54,14.8,,Ryan Coholan Massachusetts Bay Transportation Authority
2025-12-27,Janno Lieber,MTA,10,31,18,59,30.5,,Janno Lieber MTA
2025-12-27,Monica Tibbits-Nutt,Massachusetts Bay Transportation Authority,12,35,13,60,21.7,,Monica Tibbits-Nutt Massachusetts Bay Transportation Authority
2025-12-27,Nora Leerhsen,Chicago Transit Authority,16,18,13,47,27.7,,Nora Leerhsen Chicago Transit Authority
2025-12-27,Phillip Eng,Massachusetts Bay Transportation Authority,11,35,6,52,11.5,,Phillip Eng Massachusetts Bay Transportation Authority
2025-12-27,Randy Clarke,Washington Metropolitan Area Transit Authority,21,25,10,56,17.9,,Randy Clarke Washington Metropolitan Area Transit Authority
2025-12-27,Ryan Coholan,Massachusetts Bay Transportation Authority,12,34,8,54,14.8,,Ryan Coholan Massachusetts Bay Transportation Authority
2025-12-28,Janno Lieber,MTA,10,31,18,59,30.5,,Janno Lieber MTA
2025-12-28,Monica Tibbits-Nutt,Massachusetts Bay Transportation Authority,11,35,13,59,22.0,,Monica Tibbits-Nutt Massachusetts Bay Transportation Authority
2025-12-28,Nora Leerhsen,Chicago Transit Authority,16,19,12,47,25.5,,Nora Leerhsen Chicago Transit Authority
2025-12-28,Phillip Eng,Massachusetts Bay Transportation Authority,11,34,6,51,11.8,,Phillip Eng Massachusetts Bay Transportation Authority
2025-12-28,Randy Clarke,Washington Metropolitan Area Transit Authority,21,27,9,57,15.8,,Randy Clarke Washington Metropolitan Area Transit Authority
2025-12-28,Ryan Coholan,Massachusetts Bay Transportation Authority,12,33,9,54,16.7,,Ryan Coholan Massachusetts Bay Transportation Authority
2025-12-29,Janno Lieber,MTA,10,28,20,58,34.5,,Janno Lieber MTA
2025-12-29,Monica Tibbits-Nutt,Massachusetts Bay Transportation Authority,11,34,13,58,22.4,,Monica Tibbits-Nutt Massachusetts Bay Transportation Authority
2025-12-29,Nora Leerhsen,Chicago Transit Authority,16,18,12,46,26.1,,Nora Leerhsen Chicago Transit Authority
2025-12-29,Phillip Eng,Massachusetts Bay Transportation Authority,12,34,6,52,11.5,,Phillip Eng Massachusetts Bay Transportation Authority
2025-12-29,Randy Clarke,Washington Metropolitan Area Transit Authority,21,27,10,58,17.2,,Randy Clarke Washington Metropolitan Area Transit Authority
2025-12-29,Ryan Coholan,Massachusetts Bay Transportation Authority,12,34,9,55,16.4,,Ryan Coholan Massachusetts Bay Transportation Authority
2025-12-30,Janno Lieber,MTA,10,33,16,59,27.1,,Janno Lieber MTA
2025-12-30,Monica Tibbits-Nutt,Massachusetts Bay Transportation Authority,11,36,13,60,21.7,,Monica Tibbits-Nutt Massachusetts Bay Transportation Authority
2025-12-30,Nora Leerhsen,Chicago Transit Authority,15,19,12,46,26.1,,Nora Leerhsen Chicago Transit Authority
2025-12-30,Phillip Eng,Massachusetts Bay Transportation Authority,11,33,6,50,12.0,,Phillip Eng Massachusetts Bay Transportation Authority
2025-12-30,Randy Clarke,Washington Metropolitan Area Transit Authority,22,26,9,57,15.8,,Randy Clarke Washington Metropolitan Area Transit Authority
2025-12-30,Ryan Coholan,Massachusetts Bay Transportation Authority,12,34,9,55,16.4,,Ryan Coholan Massachusetts Bay Transportation Authority
2025-12-31,Janno Lieber,MTA,9,33,16,58,27.6,,Janno Lieber MTA
2025-12-31,Monica Tibbits-Nutt,Massachusetts Bay Transportation Authority,11,33,13,57,22.8,,Monica Tibbits-Nutt Massachusetts Bay Transportation Authority
2025-12-31,Nora Leerhsen,Chicago Transit Authority,15,19,12,46,26.1,,Nora Leerhsen Chicago Transit Authority
2025-12-31,Phillip Eng,Massachusetts Bay Transportation Authority,12,33,5,50,10.0,,Phillip Eng Massachusetts Bay Transportation Authority
2025-12-31,Randy Clarke,Washington Metropolitan Area Transit Authority,21,26,10,57,17.5,,Randy Clarke Washington Metropolitan Area Transit Authority
2025-12-31,Ryan Coholan,Massachusetts Bay Transportation Authority,12,35,9,56,16.1,,Ryan Coholan Massachusetts Bay Transportation Authority
2026-01-01,Janno Lieber,MTA,10,30,18,58,31.0,,Janno Lieber MTA
2026-01-01,Monica Tibbits-Nutt,Massachusetts Bay Transportation Authority,12,36,12,60,20.0,,Monica Tibbits-Nutt Massachusetts Bay Transportation Authority
2026-01-01,Nora Leerhsen,Chicago Transit Authority,15,17,13,45,28.9,,Nora Leerhsen Chicago Transit Authority
2026-01-01,Phillip Eng,Massachusetts Bay Transportation Authority,12,32,5,49,10.2,,Phillip Eng Massachusetts Bay Transportation Authority
2026-01-01,Randy Clarke,Washington Metropolitan Area Transit Authority,22,26,9,57,15.8,,Randy Clarke Washington Metropolitan Area Transit Authority
2026-01-01,Ryan Coholan,Massachusetts Bay Transportation Authority,12,34,8,54,14.8,,Ryan Coholan Massachusetts Bay Transportation Authority
2026-01-02,Janno Lieber,MTA,9,31,18,58,31.0,,Janno Lieber MTA
2026-01-02,Monica Tibbits-Nutt,Massachusetts Bay Transportation Authority,11,34,13,58,22.4,,Monica Tibbits-Nutt Massachusetts Bay Transportation Authority
2026-01-02,Nora Leerhsen,Chicago Transit Authority,16,16,13,45,28.9,,Nora Leerhsen Chicago Transit Authority
2026-01-02,Phillip Eng,Massachusetts Bay Transportation Authority,12,32,6,50,12.0,,Phillip Eng Massachusetts Bay Transportation Authority
2026-01-02,Randy Clarke,Washington Metropolitan Area Transit Authority,22,24,9,55,16.4,,Randy Clarke Washington Metropolitan Area Transit Authority
2026-01-02,Ryan Coholan,Massachusetts Bay Transportation Authority,12,34,8,54,14.8,,Ryan Coholan Massachusetts Bay Transportation Authority
2026-01-03,Janno Lieber,MTA,10,30,20,60,33.3,,Janno Lieber MTA
2026-01-03,Monica Tibbits-Nutt,Massachusetts Bay Transportation Authority,10,34,13,57,22.8,,Monica Tibbits-Nutt Massachusetts Bay Transportation Authority
2026-01-03,Nora Leerhsen,Chicago Transit Authority,14,16,14,44,31.8,,Nora Leerhsen Chicago Transit Authority
2026-01-03,Phillip Eng,Massachusetts Bay Transportation Authority,11,33,6,50,12.0,,Phillip Eng Massachusetts Bay Transportation Authority
2026-01-03,Randy Clarke,Washington Metropolitan Area Transit Authority,21,28,9,58,15.5,,Randy Clarke Washington Metropolitan Area Transit Authority
2026-01-03,Ryan Coholan,Massachusetts Bay Transportation Authority,11,35,8,54,14.8,,Ryan Coholan Massachusetts Bay Transportation Authority
2026-01-04,Janno Lieber,MTA,8,32,19,59,32.2,,Janno Lieber MTA
2026-01-04,Monica Tibbits-Nutt,Massachusetts Bay Transportation Authority,11,34,13,58,22.4,,Monica Tibbits-Nutt Massachusetts Bay Transportation Authority
2026-01-04,Nora Leerhsen,Chicago Transit Authority,14,15,15,44,34.1,,Nora Leerhsen Chicago Transit Authority
2026-01-04,Phillip Eng,Massachusetts Bay Transportation Authority,11,34,5,50,10.0,,Phillip Eng Massachusetts Bay Transportation Authority
2026-01-04,Randy Clarke,Washington Metropolitan Area Transit Authority,21,29,9,59,15.3,,Randy Clarke Washington Metropolitan Area Transit Authority
2026-01-04,Ryan Coholan,Massachusetts Bay Transportation Authority,11,34,9,54,16.7,,Ryan Coholan Massachusetts Bay Transportation Authority
2026-01-05,Janno Lieber,MTA,9,31,19,59,32.2,,Janno Lieber MTA
2026-01-05,Monica Tibbits-Nutt,Massachusetts Bay Transportation Authority,11,35,13,59,22.0,,Monica Tibbits-Nutt Massachusetts Bay Transportation Authority
2026-01-05,Nora Leerhsen,Chicago Transit Authority,14,15,15,44,34.1,,Nora Leerhsen Chicago Transit Authority
2026-01-05,Phillip Eng,Massachusetts Bay Transportation Authority,11,34,5,50,10.0,,Phillip Eng Massachusetts Bay Transportation Authority
2026-01-05,Randy Clarke,Washington Metropolitan Area Transit Authority,24,25,8,57,14.0,,Randy Clarke Washington Metropolitan Area Transit Authority
2026-01-05,Ryan Coholan,Massachusetts Bay Transportation Authority,10,33,9,52,17.3,,Ryan Coholan Massachusetts Bay Transportation Authority
2026-01-06,Janno Lieber,MTA,10,32,17,59,28.8,,Janno Lieber MTA
2026-01-06,Monica Tibbits-Nutt,Massachusetts Bay Transportation Authority,12,31,13,56,23.2,,Monica Tibbits-Nutt Massachusetts Bay Transportation Authority
2026-01-06,Nora Leerhsen,Chicago Transit Authority,15,16,14,45,31.1,,Nora Leerhsen Chicago Transit Authority
2026-01-06,Phillip Eng,Massachusetts Bay Transportation Authority,9,33,6,48,12.5,,Phillip Eng Massachusetts Bay Transportation Authority
2026-01-06,Randy Clarke,Washington Metropolitan Area Transit Authority,22,27,9,58,15.5,,Randy Clarke Washington Metropolitan Area Transit Authority
2026-01-06,Ryan Coholan,Massachusetts Bay Transportation Authority,10,33,9,52,17.3,,Ryan Coholan Massachusetts Bay Transportation Authority
2026-01-07,Janno Lieber,MTA,9,33,18,60,30.0,,Janno Lieber MTA
2026-01-07,Monica Tibbits-Nutt,Massachusetts Bay Transportation Authority,12,32,13,57,22.8,,Monica Tibbits-Nutt Massachusetts Bay Transportation Authority
2026-01-07,Nora Leerhsen,Chicago Transit Authority,15,17,13,45,28.9,,Nora Leerhsen Chicago Transit Authority
2026-01-07,Phillip Eng,Massachusetts Bay Transportation Authority,12,33,5,50,10.0,,Phillip Eng Massachusetts Bay Transportation Authority
2026-01-07,Randy Clarke,Washington Metropolitan Area Transit Authority,23,26,7,56,12.5,,Randy Clarke Washington Metropolitan Area Transit Authority
2026-01-07,Ryan Coholan,Massachusetts Bay Transportation Authority,10,34,9,53,17.0,,Ryan Coholan Massachusetts Bay Transportation Authority
2026-01-08,Janno Lieber,MTA,9,32,18,59,30.5,,Janno Lieber MTA
2026-01-08,Monica Tibbits-Nutt,Massachusetts Bay Transportation Authority,12,31,14,57,24.6,,Monica Tibbits-Nutt Massachusetts Bay Transportation Authority
2026-01-08,Nora Leerhsen,Chicago Transit Authority,15,18,12,45,26.7,,Nora Leerhsen Chicago Transit Authority
2026-01-08,Phillip Eng,Massachusetts Bay Transportation Authority,12,35,4,51,7.8,,Phillip Eng Massachusetts Bay Transportation Authority
2026-01-08,Randy Clarke,Washington Metropolitan Area Transit Authority,22,28,8,58,13.8,,Randy Clarke Washington Metropolitan Area Transit Authority
2026-01-08,Ryan Coholan,Massachusetts Bay Transportation Authority,11,35,9,55,16.4,,Ryan Coholan Massachusetts Bay Transportation Authority
2026-01-09,Janno Lieber,MTA,10,32,18,60,30.0,,Janno Lieber MTA
2026-01-09,Monica Tibbits-Nutt,Massachusetts Bay Transportation Authority,12,36,12,60,20.0,,Monica Tibbits-Nutt Massachusetts Bay Transportation Authority
2026-01-09,Nora Leerhsen,Chicago Transit Authority,15,18,12,45,26.7,,Nora Leerhsen Chicago Transit Authority
2026-01-09,Phillip Eng,Massachusetts Bay Transportation Authority,12,37,4,53,7.5,,Phillip Eng Massachusetts Bay Transportation Authority
2026-01-09,Randy Clarke,Washington Metropolitan Area Transit Authority,23,28,8,59,13.6,,Randy Clarke Washington Metropolitan Area Transit Authority
2026-01-09,Ryan Coholan,Massachusetts Bay Transportation Authority,11,33,8,52,15.4,,Ryan Coholan Massachusetts Bay Transportation Authority
2026-01-10,Janno Lieber,MTA,9,32,19,60,31.7,,Janno Lieber MTA
2026-01-10,Monica Tibbits-Nutt,Massachusetts Bay Transportation Authority,12,37,12,61,19.7,,Monica Tibbits-Nutt Massachusetts Bay Transportation Authority
2026-01-10,Nora Leerhsen,Chicago Transit Authority,15,18,12,45,26.7,,Nora Leerhsen Chicago Transit Authority
2026-01-10,Phillip Eng,Massachusetts Bay Transportation Authority,13,38,4,55,7.3,,Phillip Eng Massachusetts Bay Transportation Authority
2026-01-10,Randy Clarke,Washington Metropolitan Area Transit Authority,23,26,7,56,12.5,,Randy Clarke Washington Metropolitan Area Transit Authority
2026-01-10,Ryan Coholan,Massachusetts Bay Transportation Authority,11,32,8,51,15.7,,Ryan Coholan Massachusetts Bay Transportation Authority
2026-01-11,Janno Lieber,MTA,9,32,19,60,31.7,,Janno Lieber MTA
2026-01-11,Monica Tibbits-Nutt,Massachusetts Bay Transportation Authority,10,39,12,61,19.7,,Monica Tibbits-Nutt Massachusetts Bay Transportation Authority
2026-01-11,Nora Leerhsen,Chicago Transit Authority,14,18,12,44,27.3,,Nora Leerhsen Chicago Transit Authority
2026-01-11,Phillip Eng,Massachusetts Bay Transportation Authority,12,36,5,53,9.4,,Phillip Eng Massachusetts Bay Transportation Authority
2026-01-11,Randy Clarke,Washington Metropolitan Area Transit Authority,24,26,6,56,10.7,,Randy Clarke Washington Metropolitan Area Transit Authority
2026-01-11,Ryan Coholan,Massachusetts Bay Transportation Authority,11,31,8,50,16.0,,Ryan Coholan Massachusetts Bay Transportation Authority
2026-01-12,Janno Lieber,MTA,9,32,19,60,31.7,,Janno Lieber MTA
2026-01-12,Monica Tibbits-Nutt,Massachusetts Bay Transportation Authority,10,38,12,60,20.0,,Monica Tibbits-Nutt Massachusetts Bay Transportation Authority
2026-01-12,Nora Leerhsen,Chicago Transit Authority,15,18,12,45,26.7,,Nora Leerhsen Chicago Transit Authority
2026-01-12,Phillip Eng,Massachusetts Bay Transportation Authority,13,34,4,51,7.8,,Phillip Eng Massachusetts Bay Transportation Authority
2026-01-12,Randy Clarke,Washington Metropolitan Area Transit Authority,23,26,8,57,14.0,,Randy Clarke Washington Metropolitan Area Transit Authority
2026-01-12,Ryan Coholan,Massachusetts Bay Transportation Authority,11,34,7,52,13.5,,Ryan Coholan Massachusetts Bay Transportation Authority
2026-01-13,Janno Lieber,MTA,9,31,19,59,32.2,,Janno Lieber MTA
2026-01-13,Monica Tibbits-Nutt,Massachusetts Bay Transportation Authority,11,38,13,62,21.0,,Monica Tibbits-Nutt Massachusetts Bay Transportation Authority
2026-01-13,Nora Leerhsen,Chicago Transit Authority,16,18,11,45,24.4,,Nora Leerhsen Chicago Transit Authority
2026-01-13,Phillip Eng,Massachusetts Bay Transportation Authority,13,36,5,54,9.3,,Phillip Eng Massachusetts Bay Transportation Authority
2026-01-13,Randy Clarke,Washington Metropolitan Area Transit Authority,23,27,8,58,13.8,,Randy Clarke Washington Metropolitan Area Transit Authority
2026-01-13,Ryan Coholan,Massachusetts Bay Transportation Authority,11,32,9,52,17.3,,Ryan Coholan Massachusetts Bay Transportation Authority
2026-01-14,Janno Lieber,MTA,9,32,16,57,28.1,,Janno Lieber MTA
2026-01-14,Monica Tibbits-Nutt,Massachusetts Bay Transportation Authority,11,37,13,61,21.3,,Monica Tibbits-Nutt Massachusetts Bay Transportation Authority
2026-01-14,Nora Leerhsen,Chicago Transit Authority,15,20,12,47,25.5,,Nora Leerhsen Chicago Transit Authority
2026-01-14,Phillip Eng,Massachusetts Bay Transportation Authority,12,36,5,53,9.4,,Phillip Eng Massachusetts Bay Transportation Authority
2026-01-14,Randy Clarke,Washington Metropolitan Area Transit Authority,23,26,8,57,14.0,,Randy Clarke Washington Metropolitan Area Transit Authority
2026-01-14,Ryan Coholan,Massachusetts Bay Transportation Authority,10,32,8,50,16.0,,Ryan Coholan Massachusetts Bay Transportation Authority
2026-01-15,Janno Lieber,MTA,9,35,16,60,26.7,,Janno Lieber MTA
2026-01-15,Monica Tibbits-Nutt,Massachusetts Bay Transportation Authority,11,33,13,57,22.8,,Monica Tibbits-Nutt Massachusetts Bay Transportation Authority
2026-01-15,Nora Leerhsen,Chicago Transit Authority,16,18,13,47,27.7,,Nora Leerhsen Chicago Transit Authority
2026-01-15,Phillip Eng,Massachusetts Bay Transportation Authority,12,35,6,53,11.3,,Phillip Eng Massachusetts Bay Transportation Authority
2026-01-15,Randy Clarke,Washington Metropolitan Area Transit Authority,24,25,9,58,15.5,,Randy Clarke Washington Metropolitan Area Transit Authority
2026-01-15,Ryan Coholan,Massachusetts Bay Transportation Authority,10,32,10,52,19.2,,Ryan Coholan Massachusetts Bay Transportation Authority
2026-01-16,Janno Lieber,MTA,10,32,17,59,28.8,,Janno Lieber MTA
2026-01-16,Monica Tibbits-Nutt,Massachusetts Bay Transportation Authority,10,34,13,57,22.8,,Monica Tibbits-Nutt Massachusetts Bay Transportation Authority
2026-01-16,Nora Leerhsen,Chicago Transit Authority,15,19,13,47,27.7,,Nora Leerhsen Chicago Transit Authority
2026-01-16,Phillip Eng,Massachusetts Bay Transportation Authority,13,36,5,54,9.3,,Phillip Eng Massachusetts Bay Transportation Authority
2026-01-16,Randy Clarke,Washington Metropolitan Area Transit Authority,24,24,9,57,15.8,,Randy Clarke Washington Metropolitan Area Transit Authority
2026-01-16,Ryan Coholan,Massachusetts Bay Transportation Authority,10,33,10,53,18.9,,Ryan Coholan Massachusetts Bay Transportation Authority
2026-01-17,Janno Lieber,MTA,10,32,17,59,28.8,,Janno Lieber MTA
2026-01-17,Monica Tibbits-Nutt,Massachusetts Bay Transportation Authority,10,34,13,57,22.8,,Monica Tibbits-Nutt Massachusetts Bay Transportation Authority
2026-01-17,Nora Leerhsen,Chicago Transit Authority,14,18,14,46,30.4,,Nora Leerhsen Chicago Transit Authority
2026-01-17,Phillip Eng,Massachusetts Bay Transportation Authority,13,36,5,54,9.3,,Phillip Eng Massachusetts Bay Transportation Authority
2026-01-17,Randy Clarke,Washington Metropolitan Area Transit Authority,24,24,8,56,14.3,,Randy Clarke Washington Metropolitan Area Transit Authority
2026-01-17,Ryan Coholan,Massachusetts Bay Transportation Authority,12,30,10,52,19.2,,Ryan Coholan Massachusetts Bay Transportation Authority
2026-01-18,Janno Lieber,MTA,11,32,16,59,27.1,,Janno Lieber MTA
2026-01-18,Monica Tibbits-Nutt,Massachusetts Bay Transportation Authority,11,37,13,61,21.3,,Monica Tibbits-Nutt Massachusetts Bay Transportation Authority
2026-01-18,Nora Leerhsen,Chicago Transit Authority,13,18,14,45,31.1,,Nora Leerhsen Chicago Transit Authority
2026-01-18,Phillip Eng,Massachusetts Bay Transportation Authority,13,35,5,53,9.4,,Phillip Eng Massachusetts Bay Transportation Authority
2026-01-18,Randy Clarke,Washington Metropolitan Area Transit Authority,22,27,8,57,14.0,,Randy Clarke Washington Metropolitan Area Transit Authority
2026-01-18,Ryan Coholan,Massachusetts Bay Transportation Authority,12,30,10,52,19.2,,Ryan Coholan Massachusetts Bay Transportation Authority
2026-01-19,Janno Lieber,MTA,10,33,16,59,27.1,,Janno Lieber MTA
2026-01-19,Monica Tibbits-Nutt,Massachusetts Bay Transportation Authority,11,32,13,56,23.2,,Monica Tibbits-Nutt Massachusetts Bay Transportation Authority
2026-01-19,Nora Leerhsen,Chicago Transit Authority,13,18,14,45,31.1,,Nora Leerhsen Chicago Transit Authority
2026-01-19,Phillip Eng,Massachusetts Bay Transportation Authority,13,34,5,52,9.6,,Phillip Eng Massachusetts Bay Transportation Authority
2026-01-19,Randy Clarke,Washington Metropolitan Area Transit Authority,26,23,8,57,14.0,,Randy Clarke Washington Metropolitan Area Transit Authority
2026-01-19,Ryan Coholan,Massachusetts Bay Transportation Authority,11,29,9,49,18.4,,Ryan Coholan Massachusetts Bay Transportation Authority
