date,company,title,url,position,snippet,sentiment,controlled
2025-12-01,The T,No organic results found,nan,0,No organic search results returned for this query,negative,False
2025-12-01,MBTA,MBTA - Massachusetts Bay Transportation Authority,https://www.mbta.com/,1,"Public transit in the Greater Boston region. Routes, schedules, trip planner, fares, service alerts, real-time updates, and general information.",positive,True
2025-12-01,MBTA,Massachusetts Bay Transportation Authority (MBTA),https://www.mass.gov/orgs/massachusetts-bay-transportation-authority,2,"The MBTA provides subway, bus, Commuter Rail, ferry, and paratransit service to eastern Massachusetts and parts of Rhode Island.",neutral,False
2025-12-01,MBTA,Massachusetts Bay Transportation Authority,https://en.wikipedia.org/wiki/Massachusetts_Bay_Transportation_Authority,3,"The public agency responsible for operating most public transportation services in Greater Boston, Massachusetts.",neutral,False
2025-12-01,MBTA,Sorted by Job Title ascending | MBTA Careers,https://www.governmentjobs.com/careers/mbta,4,"MBTA Careers · Deputy Director of Infrastructure Quality Management · Deputy Director of UX Research and Design, Transit Technology.",neutral,False
2025-12-01,Metrorail,Metrorail,https://www.miamidade.gov/global/transportation/metrorail.page,1,"The Metrorail system is a 25-mile dual track that provides service to Miami International Airport (MIA) and runs from Kendall through South Miami, Coral Gables ...",neutral,False
2025-12-01,Metrorail,Metrorail,https://www.wmata.com/service/rail/,2,"Metrorail provides safe, clean, reliable transit service for more than 600,000 customers a day throughout the Washington, DC area. The system is the second ...",positive,True
2025-12-01,Metrorail,"METRORail | Red Line | Purple Line | Houston, Texas - METRO",https://www.ridemetro.org/riding-metro/transit-services/metrorail,3,"METRORail is Houston's light-rail network, offering convenient access to many popular destinations in and around downtown Houston.",neutral,False
2025-12-01,Metrorail,WMATA: Home,https://www.wmata.com/,4,Modified service on four Metrorail lines. Read more · NEXT BUS · NEXT TRAIN · LOG IN · MAPS AND TIMES · TEXT POLICE · CALL POLICE. TRIP PLANNER. TRIP PLANNER.,positive,True
2025-12-01,Metrorail,CapMetro Rail - Austin,https://www.capmetro.org/rail,5,"Rail's 32-mile route is designed to take you to and from your destination, connecting downtown to North Austin to Leander.",neutral,False
2025-12-01,Metrorail,Metrorail (Miami-Dade County),https://en.wikipedia.org/wiki/Metrorail_(Miami-Dade_County),6,"Metrorail is a rapid transit system in Miami and Miami-Dade County in the U.S. state of Florida. Metrorail is operated by Miami-Dade Transit (MDT), ...",neutral,False
2025-12-01,Metrorail,Metrorail Stations - Miami-Dade County,https://www.miamidade.gov/transportation-publicworks/metrorail-stations.asp,7,"The 22 accessible Metrorail stations are about one-mile apart, providing easy access for bus riders, pedestrians, and passengers being dropped off and ...",neutral,False
2025-12-01,Metrorail,"Metro | Bus, Rail, Subway, Bike & Micro in Los Angeles",https://www.metro.net/,8,"Explore Los Angeles by public transit. Start with Metro schedules, maps, arrival times, parking info, trip planning, stations, and fares.",neutral,False
2025-12-01,Metrorail,"Navigating Washington, DC's Metro System",https://washington.org/navigating-dc-metro,9,"The Metrorail consists of six color-coded lines: Red, Blue, Orange, Yellow, Green and Silver. The lines are connected to each other via transfer stations and ...",neutral,False
2025-12-01,The L,"Chicago ""L""",https://en.wikipedia.org/wiki/Chicago_%22L%22,1,"The Chicago ""L"" (short for ""elevated"") is the rapid transit system serving the city of Chicago and some of its surrounding suburbs in the U.S. state of ...",neutral,False
2025-12-01,The L,How-To Guide: Riding the 'L' (Trains),https://www.transitchicago.com/howto/riding-the-train/,2,"CTA's train system is known as the 'L' (a now-official name originally short for ""elevated""). Trains serve over 140 stations located throughout the city and ...",positive,True
2025-12-01,The L,the L Denver | Reinventing Classics from the Ground Up,https://www.theldenver.com/,3,"We are on Broadway. We make good cocktails without the pretense & aprons. If you don't like us, we still like you. Our Menu. Your Fun.",positive,True
2025-12-01,The L,Maps,https://www.transitchicago.com/maps/,4,"The CTA System Map shows both CTA Bus and Rail lines, as well as connecting services provided by other transit agencies in Chicago and surrounding communities.",positive,True
2025-12-01,The L,the L - Apps on Google Play,https://play.google.com/store/apps/details?id=com.thel.global&hl=en_US,5,"the L (formely Rela) The world's most popular diverse female community, join us with 12 million girls. Updated on. Jul 9, 2025.",positive,True
2025-12-01,The L,the L - Lesbian Dating & Live - App Store - Apple,https://apps.apple.com/us/app/the-l-lesbian-dating-live/id1086944243,6,the L (formerly Rela) – The World's Most Popular Queer Women's Community. Join 30 million queer women to share moments and accompany each other.,positive,True
2025-12-01,The L,Chicago ''L''.org - The Chicago rapid transit internet resource,https://www.chicago-l.org/,7,"Comprehensive resource for information on the Chicago rapid transit system -- the 'L' -- including history, stations, rolling stock, maps, ...",neutral,False
2025-12-01,The L,The L - Larkin's Catering,https://www.larkinscatering.com/venues/the-l-2/,8,"A historic event space in the heart of downtown Greenville, SC, perfect for weddings, corporate events, and special celebrations.",positive,False
2025-12-01,The L,The Chicago L,https://www.architecture.org/online-resources/buildings-of-chicago/the-chicago-l,9,The Chicago L began operating in 1892. This network of elevated trains and subways is how Chicagoans get around. But it's also an iconic symbol of the city.,positive,False
2025-12-01,MBTA,MBTA - Massachusetts Bay Transportation Authority,https://www.mbta.com/,1,"Public transit in the Greater Boston region. Routes, schedules, trip planner, fares, service alerts, real-time updates, and general information.",positive,True
2025-12-01,MBTA,Massachusetts Bay Transportation Authority (MBTA),https://www.mass.gov/orgs/massachusetts-bay-transportation-authority,2,"The MBTA provides subway, bus, Commuter Rail, ferry, and paratransit service to eastern Massachusetts and parts of Rhode Island.",neutral,False
2025-12-01,MBTA,Massachusetts Bay Transportation Authority,https://www.reddit.com/r/mbta/,3,"r/mbta: See MBTA news, policy discussion, service alerts, and a bit of everything in between for public transportation in Boston, Massachusetts and the ...",neutral,False
2025-12-01,MBTA,Massachusetts Bay Transportation Authority,https://en.wikipedia.org/wiki/Massachusetts_Bay_Transportation_Authority,4,"The public agency responsible for operating most public transportation services in Greater Boston, Massachusetts.",neutral,False
2025-12-01,The T,MBTA - Massachusetts Bay Transportation Authority,https://www.mbta.com/,1,"Public transit in the Greater Boston region. Routes, schedules, trip planner, fares, service alerts, real-time updates, and general information.",positive,True
2025-12-01,The T,Alaska Thunderfuck - The T (feat. Adore Delano) [Official],https://www.youtube.com/watch?v=9Xw5VkCpxRg,2,"Poundcake, the full length sophomore album from Alaska Thunderfuck is now available on iTunes!",positive,False
2025-12-01,The T,Massachusetts Bay Transportation Authority,https://en.wikipedia.org/wiki/Massachusetts_Bay_Transportation_Authority,3,"The Massachusetts Bay Transportation Authority (abbreviated MBTA and known colloquially as ""the T"") is the public agency responsible for operating most public ...",neutral,False
2025-12-01,The T,Harm Reduction,https://www.thetstl.com/,4,"The T is a holistic harm reduction program, bridging fatal gaps in care for people at risk for overdose due to Trauma-Related Drug Use.",positive,True
2025-12-01,The T,Massachusetts Bay Transportation Authority (MBTA),https://www.mass.gov/orgs/massachusetts-bay-transportation-authority,5,"The Massachusetts Bay Transportation Authority, more commonly known as the T, is one of the oldest public transit systems in the United States.",neutral,False
2025-12-01,The T,Transit - Parking and Transportation - UTK Parking,https://parking.utk.edu/transit/,6,"The University of Tennessee's transit system, “The T,” provides our students, staff, faculty, and visitors a safe, convenient, and efficient campus-wide ...",neutral,False
2025-12-01,OMNY,OMNY,https://omny.info/,1,One secure account to manage your travel · Reload your OMNY card · Track progress toward your 7-day fare cap · Manage your travel cards · Contact customer ...,positive,True
2025-12-01,OMNY,Tap and ride to pay your fare,https://www.mta.info/fares-tolls/subway-bus/tap-and-ride,2,"You can buy or reload an OMNY Card at vending machines in any subway station. As a limited-time introductory offer, you can buy a new reloadable card for $1.",positive,True
2025-12-01,OMNY,Enterprise podcasting made simple with Omny Studio,https://omnystudio.com/,3,"The most advanced on-demand audio management and publishing platform. All the functionality you need, to go from on-air to online in seconds.",positive,True
2025-12-01,OMNY,OMNY,https://en.wikipedia.org/wiki/OMNY,4,"OMNY is a contactless fare payment system, currently being implemented for use on public transit in the New York metropolitan area. OMNY can currently be ...",neutral,False
2025-12-01,OMNY,OMNY Health: EHR Data and Analytics,https://omnyhealth.com/,5,OMNY Health™ is a healthcare ecosystem creating partnerships that drive patient care by harnessing real-world data & EHR data and analytics.,positive,True
2025-12-01,Boston T,Subway | Schedules & Maps,https://www.mbta.com/schedules/subway,1,"Schedule information for MBTA subway lines in Greater Boston, including real-time updates and arrival predictions.",positive,True
2025-12-01,Boston T,MBTA - Massachusetts Bay Transportation Authority,https://www.mbta.com/,2,"Public transit in the Greater Boston region. Routes, schedules, trip planner, fares, service alerts, real-time updates, and general information.",positive,True
2025-12-01,Boston T,MBTA subway,https://en.wikipedia.org/wiki/MBTA_subway,3,"The Massachusetts Bay Transportation Authority (MBTA) operates rapid transit (heavy rail), light rail, and bus rapid transit services in the Boston ...",neutral,False
2025-12-01,Boston T,Maps,https://www.mbta.com/maps,4,"Official website of the MBTA -- schedules, maps, and fare information for Greater Boston's public transportation system, including subway, commuter rail, ...",positive,True
2025-12-01,Boston T,Boston 'T',https://www.mapway.com/apps/boston-t-subway-map/,5,Boston's subway system “The T” is the quickest way to get around the city and the Mapway app is the best guide to using it. The Mapway app includes our ...,neutral,False
2025-12-01,Boston T,Tips for riding the T? : r/boston,https://www.reddit.com/r/boston/comments/1eghkxe/tips_for_riding_the_t/,6,Move all the way into the train! Don't just get on and grab the pole by the door. Other people getting on after you then have to shove their way through you.,neutral,False
2025-12-01,Boston T,Boston T Subway Map & Routing - App Store - Apple,https://apps.apple.com/us/app/boston-t-subway-map-routing/id1195886256,7,Boston T Subway Map is the navigation app that makes travelling by MBTA transit in Boston simple,positive,True
2025-12-01,MBTA,MBTA - Massachusetts Bay Transportation Authority,https://www.mbta.com/,1,"Public transit in the Greater Boston region. Routes, schedules, trip planner, fares, service alerts, real-time updates, and general information.",positive,True
2025-12-01,MBTA,Massachusetts Bay Transportation Authority (MBTA),https://www.mass.gov/orgs/massachusetts-bay-transportation-authority,2,"The MBTA provides subway, bus, Commuter Rail, ferry, and paratransit service to eastern Massachusetts and parts of Rhode Island.",neutral,False
2025-12-01,MBTA,Massachusetts Bay Transportation Authority,https://en.wikipedia.org/wiki/Massachusetts_Bay_Transportation_Authority,3,"The public agency responsible for operating most public transportation services in Greater Boston, Massachusetts.",neutral,False
2025-12-01,MBTA,Sorted by Job Title ascending | MBTA Careers,https://www.governmentjobs.com/careers/mbta,4,"MBTA Careers · Deputy Director of Infrastructure Quality Management · Deputy Director of UX Research and Design, Transit Technology.",neutral,False
2025-12-01,MBTA,Massachusetts Bay Transportation Authority,https://www.reddit.com/r/mbta/,5,"r/mbta: See MBTA news, policy discussion, service alerts, and a bit of everything in between for public transportation in Boston, Massachusetts and the ...",neutral,False
2025-12-01,DC Metro,WMATA: Home,https://www.wmata.com/,1,... Washington Metropolitan Area Transit Authority. Open Mobile Menu. Manage Your ... Metro's New Mobile App: MetroPulse. Easy access to real-time information ...,positive,True
2025-12-01,DC Metro,Washington Metro,https://en.wikipedia.org/wiki/Washington_Metro,2,a rapid transit system serving the Washington metropolitan area of the United States. It is administered by the Washington Metropolitan Area Transit Authority ...,neutral,False
2025-12-01,DC Metro,"Navigating Washington, DC's Metro System",https://washington.org/navigating-dc-metro,3,"Find out everything you need to know to ride DC's world-class Metrorail system, get a Metro map, check operating hours, ride fares and more.",neutral,False
2025-12-01,DC Metro,Washington Metro • WMATA (@metroforward),https://www.instagram.com/metroforward/?hl=en,4,"Official feed of Metro/WMATA Tag us during your trip #wmata. We've seen some wicked weather this summer, but our teams ...",positive,True
2025-12-01,DC Metro,DC Metro and Bus - App Store,https://apps.apple.com/us/app/dc-metro-and-bus/id578496721,5,Washington DC Metro and Bus is the region's most popular dedicated DC transit app. Realtime rail and bus predictions and DC Metro map directly from WMATA.,positive,True
2025-12-01,Boston T,Subway | Schedules & Maps,https://www.mbta.com/schedules/subway,1,"Schedule information for MBTA subway lines in Greater Boston, including real-time updates and arrival predictions.",positive,True
2025-12-01,Boston T,MBTA - Massachusetts Bay Transportation Authority,https://www.mbta.com/,2,"Public transit in the Greater Boston region. Routes, schedules, trip planner, fares, service alerts, real-time updates, and general information.",positive,True
2025-12-01,Boston T,MBTA subway,https://en.wikipedia.org/wiki/MBTA_subway,3,"The Massachusetts Bay Transportation Authority (MBTA) operates rapid transit (heavy rail), light rail, and bus rapid transit services in the Boston ...",neutral,False
2025-12-01,Boston T,Maps,https://www.mbta.com/maps,4,"Official website of the MBTA -- schedules, maps, and fare information for Greater Boston's public transportation system, including subway, commuter rail, ...",positive,True
2025-12-01,Boston T,Boston 'T',https://www.mapway.com/apps/boston-t-subway-map/,5,Boston's subway system “The T” is the quickest way to get around the city and the Mapway app is the best guide to using it. The Mapway app includes our ...,neutral,False
2025-12-01,Boston T,Tips for riding the T? : r/boston,https://www.reddit.com/r/boston/comments/1eghkxe/tips_for_riding_the_t/,6,Move all the way into the train! Don't just get on and grab the pole by the door. Other people getting on after you then have to shove their way through you.,neutral,False
2025-12-01,The T,MBTA - Massachusetts Bay Transportation Authority,https://www.mbta.com/,1,"Public transit in the Greater Boston region. Routes, schedules, trip planner, fares, service alerts, real-time updates, and general information.",positive,True
2025-12-01,The T,Massachusetts Bay Transportation Authority,https://en.wikipedia.org/wiki/Massachusetts_Bay_Transportation_Authority,2,"The Massachusetts Bay Transportation Authority (abbreviated MBTA and known colloquially as ""the T"") is the public agency responsible for operating most public ...",neutral,False
2025-12-01,The T,Alaska Thunderfuck - The T (feat. Adore Delano) [Official],https://www.youtube.com/watch?v=9Xw5VkCpxRg,3,"Poundcake, the full length sophomore album from Alaska Thunderfuck is now available on iTunes!",positive,False
2025-12-01,The T,Harm Reduction,https://www.thetstl.com/,4,"The T is a holistic harm reduction program, bridging fatal gaps in care for people at risk for overdose due to Trauma-Related Drug Use.",positive,True
2025-12-01,The T,Massachusetts Bay Transportation Authority (MBTA),https://www.mass.gov/orgs/massachusetts-bay-transportation-authority,5,"The Massachusetts Bay Transportation Authority, more commonly known as the T, is one of the oldest public transit systems in the United States.",neutral,False
2025-12-01,The T,Transit - Parking and Transportation - UTK Parking,https://parking.utk.edu/transit/,6,"The University of Tennessee's transit system, “The T,” provides our students, staff, faculty, and visitors a safe, convenient, and efficient campus-wide ...",neutral,False
2025-12-01,Washington Metropolitan Area Transit Authority,WMATA: Home,https://www.wmata.com/,1,"Easy access to real-time information, customer service chat, and more. LEARN MORE · MetroPulse Mobile App · Home. TRANSIT INFORMATION; METROPULSE · BUS MAPS ...",positive,True
2025-12-01,Washington Metropolitan Area Transit Authority,Washington Metropolitan Area Transit Authority,https://en.wikipedia.org/wiki/Washington_Metropolitan_Area_Transit_Authority,2,"WMATA provides a rapid transit service under the Metrorail brand, fixed-route bus service under the Metrobus brand, and paratransit service under the ...",neutral,False
2025-12-01,Washington Metropolitan Area Transit Authority,Washington Metropolitan Area Transit Authority,https://washington.org/find-dc-listings/washington-metropolitan-area-transit-authority,3,"Metrorail and Metrobus are the safest, cleanest and most efficient ways to get around Washington. Five rail lines and extensive bus service connect Washington, ...",neutral,False
2025-12-01,Washington Metropolitan Area Transit Authority,Washington Metropolitan Area Transit Authority (WMATA),https://www.linkedin.com/company/wmata,4,"We operate rail, bus, and paratransit services in a 1,500-square mile area that includes the District of Columbia, Maryland, and Virginia.",positive,True
2025-12-01,Washington Metropolitan Area Transit Authority,WMATA - Washington Metropolitan Area Transit Authority,https://www.montgomerycountymd.gov/dot-dir/agencies/wmata.html,5,"WMATA operates regional rapid rail and bus services throughout the Washington Metropolitan area, including Montgomery County.",neutral,False
2025-12-01,Washington Metropolitan Area Transit Authority,wmata | US Department of Transportation,https://www.transportation.gov/tags/wmata,6,The US Department of Transportation's Federal Transit Administration (FTA) today issued Special Directive 17-1 to the Washington Metropolitan Area Transit ...,neutral,False
2025-12-01,Boston T,Subway | Schedules & Maps,https://www.mbta.com/schedules/subway,1,"Schedule information for MBTA subway lines in Greater Boston, including real-time updates and arrival predictions.",positive,True
2025-12-01,Boston T,MBTA - Massachusetts Bay Transportation Authority,https://www.mbta.com/,2,"Public transit in the Greater Boston region. Routes, schedules, trip planner, fares, service alerts, real-time updates, and general information.",positive,True
2025-12-01,Boston T,MBTA subway,https://en.wikipedia.org/wiki/MBTA_subway,3,"The Massachusetts Bay Transportation Authority (MBTA) operates rapid transit (heavy rail), light rail, and bus rapid transit services in the Boston ...",neutral,False
2025-12-01,Boston T,Maps,https://www.mbta.com/maps,4,"Official website of the MBTA -- schedules, maps, and fare information for Greater Boston's public transportation system, including subway, commuter rail, ...",positive,True
2025-12-01,Boston T,Boston 'T',https://www.mapway.com/apps/boston-t-subway-map/,5,Boston's subway system “The T” is the quickest way to get around the city and the Mapway app is the best guide to using it. The Mapway app includes our ...,neutral,False
2025-12-01,Boston T,Tips for riding the T? : r/boston,https://www.reddit.com/r/boston/comments/1eghkxe/tips_for_riding_the_t/,6,Move all the way into the train! Don't just get on and grab the pole by the door. Other people getting on after you then have to shove their way through you.,neutral,False
2025-12-01,Chicago Transit Authority,Chicago Transit Authority - CTA Buses & Train Service - 1-888 ...,https://www.transitchicago.com/,1,"Information about CTA bus and train service in and around Chicago. Find maps, schedules, service alerts, plan a trip, jobs, news and more!",positive,True
2025-12-01,Chicago Transit Authority,Chicago Transit Authority (album),https://en.wikipedia.org/wiki/Chicago_Transit_Authority_(album),2,"The Chicago Transit Authority is the debut studio album by the American rock band Chicago, and the only album released under their original name Chicago ...",neutral,False
2025-12-01,Chicago Transit Authority,Chicago Transit Authority (CTA) - Travel Information,https://www.chicago.gov/city/en/depts/other/provdrs/cta.html,3,The CTA operates the nation's second largest public transportation system and covers the City of Chicago and 40 surrounding suburbs.,neutral,False
2025-12-01,Chicago Transit Authority,Chicago Transit Authority (@thecta),https://www.facebook.com/thecta/,4,Chicago Transit Authority. 78490 likes · 6588 talking about this. Welcome to the official CTA Facebook page. Serving Chicago & 35 surrounding suburbs....,positive,True
2025-12-01,Chicago Transit Authority,Regional Transportation Authority: Home,https://www.rtachicago.org/,5,"Weekdays 8:30 a.m. to 5 p.m. ... For the nearest customer service location, please call 312-913-3110. Phone number RTA Travel Information 312-836-7000.",neutral,False
2025-12-01,CTA,Chicago Transit Authority - CTA Buses & Train Service - 1-888 ...,https://www.transitchicago.com/,1,"Information about CTA bus and train service in and around Chicago. Find maps, schedules, service alerts, plan a trip, jobs, news and more!",positive,True
2025-12-01,CTA,The Consumer Technology Association (CTA),https://www.cta.tech/,2,"The mission of CTA is to help innovators of all sizes grow their businesses. Through targeted advocacy, collaborative standard setting and cutting-edge ...",positive,True
2025-12-01,CTA,California Teachers Association,https://www.cta.org/,3,"CTA has led the labor movement for more than 150 years, fighting for educators' rights and the rights for every public school student to have access to quality ...",positive,True
2025-12-01,CTA,Select Route,https://www.ctabustracker.com/bustime/wireless/html/home.jsp,4,1 - Bronzeville/Union Station · 2 - Hyde Park Express · 3 - King Drive · 4 - Cottage Grove · X4 - Cottage Grove Express · N5 - South Shore Night Bus · 6 - ...,positive,True
2025-12-01,CTA,Chicago Transit Authority (@thecta),https://www.facebook.com/thecta/,5,Chicago Transit Authority. 78544 likes · 6466 talking about this. Welcome to the official CTA Facebook page. Serving Chicago & 35 surrounding suburbs....,positive,True
2025-12-01,CTA,Chicago Transit Authority,https://en.wikipedia.org/wiki/Chicago_Transit_Authority,6,"The Chicago Transit Authority (CTA) is the operator of mass transit in Chicago, Illinois, United States, and some of its suburbs",neutral,False
2025-12-01,NYC Subway,Maps,https://www.mta.info/maps,1,"Downloadable maps for New York transit, including subways, buses, and the Staten Island Railway, plus the Long Island Rail Road, Metro-North Railroad, ...",positive,True
2025-12-01,NYC Subway,New York City Subway,https://en.wikipedia.org/wiki/New_York_City_Subway,2,"The New York City Subway is a rapid transit system in New York City, serving four of the city's five boroughs: Manhattan, Brooklyn, Queens, and the Bronx.",neutral,False
2025-12-01,NYC Subway,MTA: Home,https://www.mta.info/,3,"Subway; Bus; Rail. Your favorite subway, bus and rail services will appear here ... Taking your bike on public transit · Getting to New York-area airports on ...",positive,True
2025-12-01,NYC Subway,New York Subway MTA Map NYC - Apps on Google Play,https://play.google.com/store/apps/details?id=uk.co.mxdata.newyorksub&hl=en_US,4,"Features: Officially licensed maps of the New York Subway system from MTA. Covers all 5 NYC boroughs - Manhattan, Brooklyn, Queens, Bronx and Staten Island.",positive,True
2025-12-01,NYC Subway,nycsubway.org,https://www.nycsubway.org/,5,nycsubway.org is not affiliated with any transit agency or provider. Not mobile.,positive,True
2025-12-01,NYC Subway,New York Subway MTA Map NYC - App Store - Apple,https://apps.apple.com/us/app/new-york-subway-mta-map-nyc/id369691844,6,This NYC subway map is free to download and will help you navigate around New York using the subway system.,positive,True
2025-12-01,NYC Subway,New York City Subway,https://sab.org/wp-content/uploads/2020/01/Subway_Map_2018.pdf,7,"New York City Subway with bus and railroad connections. Manhattan bound. N ... The subway operates 24 hours a day, but not all lines operate at all times ...",neutral,False
2025-12-01,MTA,MTA: Home - NYC,https://www.mta.info/,1,"Plan a trip, see saved trips, you haven't saved any trips yet. Plan a trip or go to Schedules and save it for quick access in the future.",positive,True
2025-12-01,MTA,Maryland Transit Administration,https://www.mta.maryland.gov/,2,"Routes & Schedules, Real Time Information, Trip Planner, Service Alerts, Website Feedback Survey, MDOT MTA In the News",positive,True
2025-12-01,MTA,Metropolitan Transportation Authority,https://en.wikipedia.org/wiki/Metropolitan_Transportation_Authority,3,The Metropolitan Transportation Authority (MTA) is a public benefit corporation in New York State responsible for public transportation in the New York City ...,neutral,False
2025-12-01,MTA,MTA (@mta) • Instagram photos and videos,https://www.instagram.com/mta/?hl=en,4,"The MetroCard is retiring December 31, 2025! Visit mta.info for service info. Download our apps (MTA and TrainTime) for real-time customer care.",positive,True
2025-12-01,MTA,Massachusetts Teachers Association,https://www.massteacher.org/,5,"The Massachusetts Teachers Association is a member-driven organization, governed by democratic principles, that accepts and supports the interdependence of ...",neutral,False
2025-12-01,MTA,Metropolitan Transportation Authority Careers - MTA,https://careers.mta.org/,6,"The MTA family includes professionals in a variety of positions, from bus and train operators to engineers, accountants, and policy experts.",positive,True
2025-12-01,Massachusetts Bay Transportation Authority,MBTA - Massachusetts Bay Transportation Authority,https://www.mbta.com/,1,"Public transit in the Greater Boston region. Routes, schedules, trip planner, fares, service alerts, real-time updates, and general information.",positive,True
2025-12-01,Massachusetts Bay Transportation Authority,Massachusetts Bay Transportation Authority,https://en.wikipedia.org/wiki/Massachusetts_Bay_Transportation_Authority,2,"The public agency responsible for operating most public transportation services in Greater Boston, Massachusetts.",neutral,False
2025-12-01,Massachusetts Bay Transportation Authority,Massachusetts Bay Transportation Authority (MBTA),https://www.mass.gov/orgs/massachusetts-bay-transportation-authority,3,"The MBTA provides subway, bus, Commuter Rail, ferry, and paratransit service to eastern Massachusetts and parts of Rhode Island.",neutral,False
2025-12-01,Massachusetts Bay Transportation Authority,Massachusetts Bay Transportation Authority - MBTA,https://www.facebook.com/TheMBTA/,4,"Massachusetts Bay Transportation Authority - MBTA, Boston. 32863 likes · 1742 talking about this · 174 were here. The official Facebook Page of the...",positive,True
2025-12-01,Massachusetts Bay Transportation Authority,MBTA,https://www.linkedin.com/company/mbta,5,"The Massachusetts Bay Transportation Authority, often referred to as the MBTA or simply The T, is the public operator of most bus, subway, commuter rail and ...",positive,True
2025-12-01,Massachusetts Bay Transportation Authority,Massachusetts Bay Transportation Authority (MBTA),https://www.sgh.com/project-story/massachusetts-bay-transportation-authority-mbta/,6,"The Massachusetts Bay Transportation Authority (MBTA), commonly known as the “T,” oversees the oldest and one of the largest transit systems in the United ...",neutral,False
2025-12-01,Massachusetts Bay Transportation Authority,MBTA - Massachusetts Bay Transportation Authority,https://www.mbta.com/,1,"Public transit in the Greater Boston region. Routes, schedules, trip planner, fares, service alerts, real-time updates, and general information.",positive,True
2025-12-01,Massachusetts Bay Transportation Authority,Massachusetts Bay Transportation Authority,https://en.wikipedia.org/wiki/Massachusetts_Bay_Transportation_Authority,2,"The public agency responsible for operating most public transportation services in Greater Boston, Massachusetts.",neutral,False
2025-12-01,Massachusetts Bay Transportation Authority,Massachusetts Bay Transportation Authority (MBTA),https://www.mass.gov/orgs/massachusetts-bay-transportation-authority,3,"The MBTA provides subway, bus, Commuter Rail, ferry, and paratransit service to eastern Massachusetts and parts of Rhode Island.",neutral,False
2025-12-01,Massachusetts Bay Transportation Authority,Massachusetts Bay Transportation Authority - MBTA,https://www.facebook.com/TheMBTA/,4,"Massachusetts Bay Transportation Authority - MBTA, Boston. 32863 likes · 1742 talking about this · 174 were here. The official Facebook Page of the...",positive,True
2025-12-01,Massachusetts Bay Transportation Authority,MBTA,https://www.linkedin.com/company/mbta,5,"The Massachusetts Bay Transportation Authority, often referred to as the MBTA or simply The T, is the public operator of most bus, subway, commuter rail and ...",positive,True
2025-12-01,Massachusetts Bay Transportation Authority,Massachusetts Bay Transportation Authority (MBTA),https://www.sgh.com/project-story/massachusetts-bay-transportation-authority-mbta/,6,"The Massachusetts Bay Transportation Authority (MBTA), commonly known as the “T,” oversees the oldest and one of the largest transit systems in the United ...",neutral,False
2025-12-01,Massachusetts Bay Transportation Authority,MBTA - Massachusetts Bay Transportation Authority,https://www.mbta.com/,1,"Public transit in the Greater Boston region. Routes, schedules, trip planner, fares, service alerts, real-time updates, and general information.",positive,True
2025-12-01,Massachusetts Bay Transportation Authority,Massachusetts Bay Transportation Authority,https://en.wikipedia.org/wiki/Massachusetts_Bay_Transportation_Authority,2,"The public agency responsible for operating most public transportation services in Greater Boston, Massachusetts.",neutral,False
2025-12-01,Massachusetts Bay Transportation Authority,Massachusetts Bay Transportation Authority (MBTA),https://www.mass.gov/orgs/massachusetts-bay-transportation-authority,3,"The MBTA provides subway, bus, Commuter Rail, ferry, and paratransit service to eastern Massachusetts and parts of Rhode Island.",neutral,False
2025-12-01,Massachusetts Bay Transportation Authority,Massachusetts Bay Transportation Authority - MBTA,https://www.facebook.com/TheMBTA/,4,"Massachusetts Bay Transportation Authority - MBTA, Boston. 32863 likes · 1742 talking about this · 174 were here. The official Facebook Page of the...",positive,True
2025-12-01,Massachusetts Bay Transportation Authority,MBTA,https://www.linkedin.com/company/mbta,5,"The Massachusetts Bay Transportation Authority, often referred to as the MBTA or simply The T, is the public operator of most bus, subway, commuter rail and ...",positive,True
2025-12-01,Massachusetts Bay Transportation Authority,Massachusetts Bay Transportation Authority (MBTA),https://www.sgh.com/project-story/massachusetts-bay-transportation-authority-mbta/,6,"The Massachusetts Bay Transportation Authority (MBTA), commonly known as the “T,” oversees the oldest and one of the largest transit systems in the United ...",neutral,False
