date,ceo,company,title,url,position,snippet,sentiment,controlled
2026-01-02,Randy Clarke,Metrorail,Leadership,https://www.wmata.com/about/leadership/,1,Randy Clarke joined the Washington Metropolitan Area Transit Authority (WMATA) as General Manager and CEO in July 2022.,positive,True
2026-01-02,Randy Clarke,Metrorail,Randy Clarke,https://en.wikipedia.org/wiki/Randy_Clarke,2,Randy Clarke (born 1976 or 1977) is a Canadian-American transit executive who has served as the general manager and CEO of Washington Metropolitan Area Transit ...,neutral,False
2026-01-02,Randy Clarke,Metrorail,Randy Clarke (@wmatagm),https://www.instagram.com/wmatagm/?hl=en,3,"Chief transit customer advocate @metroforward · Photo shared by Randy Clarke on December 17, 2025 tagging @metroforward.",positive,True
2026-01-02,Randy Clarke,Metrorail,Randy Clarke - Washington Metropolitan Area Transit ...,https://www.linkedin.com/in/randy-clarke-74bb8a69,4,Experience: Washington Metropolitan Area Transit Authority (WMATA) · Education: University of Southern Maine · Location: United States · 500+ connections on ...,positive,True
2026-01-02,Randy Clarke,Metrorail,Randy Clarke,https://www.govtech.com/top-25/randy-clarke,5,"Clarke is a veteran of helming massive urban transit systems. He previously served as transit chief for Capital Metro in Austin, Texas.",neutral,False
2026-01-02,Randy Clarke,Metrorail,Randy Clarke (@wmataGM) / Posts / X,https://x.com/wmataGM?lang=en,6,"Proudly leading the @wmata team (America's Metro System) as General Manager & CEO. Also on IG, instagram.com/wmatagm ...",positive,True
2026-01-02,Randy Clarke,Metrorail,DC's Metro Made a Comeback. Meet the Man Behind It.,https://washingtonian.com/2024/11/14/dcs-metro-made-a-comeback-meet-the-man-behind-it/,7,"Better service. Happier riders. Under Randy Clarke, Metro has bounced back from a pandemic slump—winning him plaudits and fans.",neutral,False
2026-01-02,Randy Clarke,Metrorail,Here's a wild idea: Randy Clarke for D.C. mayor,https://www.axios.com/local/washington-dc/2025/10/30/randy-clarke-metro-dc-mayor-muriel-bowser-election,8,Randy Clarke fixed Metro. Maybe he can fix D.C. next? Why it matters: We need someone to run for mayor! facebook (opens in new ...,neutral,False
2026-01-02,Ryan Coholan,Massachusetts Bay Transportation Authority,Ryan Coholan - Chief Operating Officer at MBTA,https://www.linkedin.com/in/ryan-coholan-139014ab,1,"Experienced Chief Operating Officer with a demonstrated history of working in the transportation/trucking/railroad industry. Skilled in Budgeting, Operations ...",positive,True
2026-01-02,Ryan Coholan,Massachusetts Bay Transportation Authority,Conversation with MBTA's COO Ryan Coholan,https://transitunplugged.com/transit-unplugged-podcast/ryan-coholan-mbta/,2,"Host Paul Comfort sits down with Ryan Coholan, the Chief Operating Officer of the Massachusetts Bay Transportation Authority (MBTA or The T) in Boston.",neutral,False
2026-01-02,Ryan Coholan,Massachusetts Bay Transportation Authority,Ryan Coholan - Massachusetts Bay Transportation Authority ...,https://cthrupayroll.mass.gov/?os=shmmfp&ref=app#!/year/2024/full_time_employees%2Cothers/pay1%2Cpay2%2Cpay3%2Cpay4/explore%2F0-0-0%2Ftrans_no%2F17915261%2F0%2Fdepartment_division,3,"Pay Check · Coholan · Ryan · MBTA Exec Main Fund · $299,084.71 · $299,084.71 $299,084.71. « ‹ 1; ›; ». Payroll Details. Total Pay. $ 299,085. Base Pay. $299,085.",positive,False
2026-01-02,Ryan Coholan,Massachusetts Bay Transportation Authority,"December 05, 2023, 10:30 AM",https://mbtaadvisoryboard.org/wp-content/uploads/2024/04/MinutesMBTAAB-12-05-23APPROVED.pdf,4,Coholan is responsible for the operation of all MBTA modes. He was appointed. COO by General Manager Philip Eng in September 2023. Mr. Coholan introduced his ...,neutral,False
2026-01-02,Ryan Coholan,Massachusetts Bay Transportation Authority,Ryan Coholan - Chief Operating Officer at Massachusetts ...,https://www.zoominfo.com/p/Ryan-Coholan/11957181347,5,"Ryan D. Coholan is the Chief Operating Officer at the Massachusetts Bay Transportation Authority, bringing extensive leadership to transportation services.",neutral,False
2026-01-02,Ryan Coholan,Massachusetts Bay Transportation Authority,"Today, COO Ryan Coholan joined State Senator Barry ...",https://www.facebook.com/TheMBTA/videos/north-wilmington-official-ribbon-cutting-october-3-2025/834133079271535/,6,"Today, COO Ryan Coholan joined State Senator Barry Finegold, State Representative Dave Robertson, Wilmington, MA Town Hall, MBTA Commuter ...",positive,True
2026-01-02,Ryan Coholan,Massachusetts Bay Transportation Authority,Cultivating Culture at the MBTA with COO Ryan Coholan,https://www.youtube.com/watch?v=TeJpfw-wfCA,7,"On this episode, Chief Operating Officer Ryan Coholan joins us to discuss his unique approach to leading Operations at the MBTA.",neutral,False
2026-01-02,Ryan Coholan,Massachusetts Bay Transportation Authority,MBTA Chief Operating Officer Ryan Coholan said ...,https://www.facebook.com/TheTelegram/posts/mbta-chief-operating-officer-ryan-coholan-said-weekend-ridership-is-nearly-back-/1478045264329620/,8,MBTA Chief Operating Officer Ryan Coholan said weekend ridership is nearly back to 2019 (pre-pandemic) levels.,positive,True
2026-01-02,Ryan Coholan,Massachusetts Bay Transportation Authority,"Today, COO Ryan Coholan joined State Senator ...",https://www.instagram.com/p/DPWzqsCEoZw/?hl=en,9,North Wilmington station reopened for passenger service earlier this year on June 30. Learn more about this celebration and the station at mbta.,positive,True
2026-01-02,Ryan Coholan,Massachusetts Bay Transportation Authority,Ryan Coholan Archives,https://www.globalrailwayreview.com/content_author/ryan-coholan/,10,"Ryan Coholan, Chief Railroad Officer at the Massachusetts Bay Transportation Authority (MBTA), discusses the benefits of introducing new technologies across the ...",neutral,False
2026-01-02,Randy Clarke,Washington Metropolitan Area Transit Authority,Randy Clarke,https://en.wikipedia.org/wiki/Randy_Clarke,1,Randy Clarke (born 1976 or 1977) is a Canadian-American transit executive who has served as the general manager and CEO of Washington Metropolitan Area Transit ...,neutral,False
2026-01-02,Randy Clarke,Washington Metropolitan Area Transit Authority,Leadership,https://www.wmata.com/about/leadership/,2,GM Randy Clarke. Randy Clarke joined the Washington Metropolitan Area Transit Authority (WMATA) as General Manager and CEO in July 2022. He's not just Metro's ...,positive,True
2026-01-02,Randy Clarke,Washington Metropolitan Area Transit Authority,Randy Clarke - Washington Metropolitan Area Transit ...,https://www.linkedin.com/in/randy-clarke-74bb8a69,3,Experience: Washington Metropolitan Area Transit Authority (WMATA) · Education: University of Southern Maine · Location: United States · 500+ connections on ...,positive,True
2026-01-02,Randy Clarke,Washington Metropolitan Area Transit Authority,Randy Clarke (@wmataGM) / Posts / X,https://x.com/wmataGM?lang=en,4,"Proudly leading the @wmata team (America's Metro System) as General Manager & CEO. Also on IG, instagram.com/wmatagm ...",positive,True
2026-01-02,Randy Clarke,Washington Metropolitan Area Transit Authority,Randy Clarke,https://www.govtech.com/top-25/randy-clarke,5,"In his nearly two years on the job as general manager and CEO for the Washington Metropolitan Area Transit Authority (WMATA), Randy Clarke has been almost ...",neutral,False
2026-01-02,Randy Clarke,Washington Metropolitan Area Transit Authority,Randy Clarke (@wmatagm),https://www.instagram.com/wmatagm/?hl=en,6,"Chief transit customer advocate @metroforward · Photo shared by Randy Clarke on December 17, 2025 tagging @metroforward.",positive,True
2026-01-02,Randy Clarke,Washington Metropolitan Area Transit Authority,DC's Metro Made a Comeback. Meet the Man Behind It.,https://washingtonian.com/2024/11/14/dcs-metro-made-a-comeback-meet-the-man-behind-it/,7,"Better service. Happier riders. Under Randy Clarke, Metro has bounced back from a pandemic slump—winning him plaudits and fans.",neutral,False
2026-01-02,Randy Clarke,Washington Metropolitan Area Transit Authority,Metro Forward,https://www.facebook.com/MetroForward/posts/its-customerexperienceday-and-our-very-own-general-manager-and-ceo-randy-clarke-/1239223341582981/,8,"Randy Clarke, the current President and CEO of Capital Metro (CapMetro) in Austin, TX, will begin his new position at Metro late summer and was ...",positive,True
2026-01-02,Monica Tibbits-Nutt,MBTA,Monica Tibbits-Nutt,https://www.massport.com/our-business/leadership/monica-tibbits-nutt,1,"Monica G. Tibbits-Nutt, is the Secretary and CEO of the Massachusetts Department of Transportation (MassDOT).",positive,True
2026-01-02,Monica Tibbits-Nutt,MBTA,Transportation Sec. Monica Tibbits-Nutt Stepping Down ...,https://mass.streetsblog.org/2025/10/16/rearranging-the-cabinet-transportation-sec-monica-tibbits-nutt-stepping-down-replaced-by-mbta-gm-phillip-eng,2,Secretary of Transportation Monica Tibbits-Nutt is leaving the Healey administration. Governor Maura Healey announced this morning in a ...,neutral,False
2026-01-02,Monica Tibbits-Nutt,MBTA,Governor Healey Appoints MBTA General Manager Phil ...,https://www.mass.gov/news/governor-healey-appoints-mbta-general-manager-phil-eng-as-interim-transportation-secretary,3,... (MBTA) General Manager Phillip Eng as Interim Transportation Secretary. Monica Tibbits-Nutt has made the decision to step down from her ...,neutral,False
2026-01-02,Monica Tibbits-Nutt,MBTA,Monica Tibbits-Nutt parting ways with Massachusetts ...,https://www.wcvb.com/article/monica-tibbits-nutt-parting-ways-with-massachusetts-department-of-transportation/69054926,4,Maura Healey said Tibbits-Nutt made the decision to step down from her positions as secretary of the Department of Transportation and CEO of ...,neutral,False
2026-01-02,Monica Tibbits-Nutt,MBTA,Massachusetts Transportation Sec. Monica Tibbits-Nutt ...,https://www.cbsnews.com/boston/news/monica-tibbits-nutt-phil-eng-massdot/,5,Transportation Sec. Monica Tibbits-Nutt is out and MBTA GM Phil Eng was promoted in a MassDOT shakeup.,neutral,False
2026-01-02,Monica Tibbits-Nutt,MBTA,MassFiscal Responds to Departure of Transportation ...,https://www.massfiscal.org/massfiscal-responds-departure-monica-tibbits-nutt,6,Tibbits-Nutt Exit is “Long Overdue”. The Massachusetts Fiscal Alliance today responded to news that Secretary of Transportation Monica ...,neutral,False
2026-01-02,Monica Tibbits-Nutt,MBTA,Tibbits-Nutt is out as transportation secretary. T chief Eng ...,https://www.wbur.org/news/2025/10/16/tibbits-nutt-transportation-secretary-massachusetts-eng,7,"... Monica Tibbits-Nutt overseeing the state's transit agency. In a press release, Healey said Tibbits-Nutt ""has made the decision to step down ...",neutral,False
2026-01-02,Monica Tibbits-Nutt,MBTA,"Tibbits-Nutt out, Eng elevated in abrupt shakeup at MassDOT",https://commonwealthbeacon.org/transportation/tibbits-nutt-out-eng-elevated-in-abrupt-shakeup-at-massdot/,8,"Transportation Secretary Monica Tibbits-Nutt suddenly resigned Thursday, prompting the governor to ask the head of the MBTA and the state's ...",negative,False
2026-01-02,Monica Tibbits-Nutt,MBTA,Tibbits-Nutt out at MassDOT; T's Eng takes over,https://www.axios.com/local/boston/2025/10/16/tibbits-nutt-out-at-massdot-ts-eng-takes-over,9,Monica Tibbits-Nutt's time as Gov. Maura Healey's MassDOT secretary is over and the governor is putting the MBTA's Phil Eng in charge of the ...,neutral,False
2026-01-02,Nora Leerhsen,Chicago Transit Authority,"Nora Leerhsen - Acting President, Chicago Transit Authority",https://www.linkedin.com/in/nora-leerhsen-1ba38847,1,"Acting President, Chicago Transit Authority · Experience: Chicago Transit Authority · Education: University of Wisconsin Law School · Location: Greater ...",positive,True
2026-01-02,Nora Leerhsen,Chicago Transit Authority,Nora Leerhsen,https://en.wikipedia.org/wiki/Nora_Leerhsen,2,"Nora Leerhsen is an American lawyer and executive who has served as the Acting President of the Chicago Transit Authority (CTA) since February 2025, replacing ...",neutral,False
2026-01-02,Nora Leerhsen,Chicago Transit Authority,Team | Chicago Transit Authority | BondLink,https://www.ctabonds.com/chicago-transit-authority-il/about/our-team/i6552,3,"nleerhsen@transitchicago.com. Nora Leerhsen is acting president of the Chicago Transit Authority (CTA), one of the nation's largest public transit agencies ...",positive,True
2026-01-02,Nora Leerhsen,Chicago Transit Authority,CTA Governance/Administration,https://www.transitchicago.com/governance/,4,"Nora Leerhsen is the acting president of the Chicago Transit Authority (CTA), one of the nation's largest public transit agencies, providing approximately one ...",positive,True
2026-01-02,Nora Leerhsen,Chicago Transit Authority,Statement from CTA Acting President Nora Leerhsen,https://www.transitchicago.com/statement-from-cta-acting-president-nora-leerhsen/,5,"Early this morning, the Illinois State Legislature passed a bill that provides a transformational level of funding for the Chicago Transit ...",positive,True
2026-01-02,Nora Leerhsen,Chicago Transit Authority,"December 19, 2025 Ms. Nora Leerhsen Acting President ...",https://www.transit.dot.gov/sites/fta.dot.gov/files/2025-12/FTA-Letter-to-Acting-President-Chicago-Transit-Authority.pdf,6,"Nora Leerhsen. Acting President. Chicago Transit Authority. 567 W. Lake Street. Chicago, I.L. 60661. Dear Ms. Leerhsen: The Federal Transit ...",neutral,False
2026-01-02,Nora Leerhsen,Chicago Transit Authority,Longtime CTA chief of staff Nora Leerhsen to take over as ...,https://www.cbsnews.com/chicago/news/nora-leerhsen-acting-cta-president/,7,Chief of staff Nora Leerhsen will take over as acting president of the transit agency when current President Dorval Carter Jr. retires at the end of the month.,neutral,False
2026-01-02,Nora Leerhsen,Chicago Transit Authority,A Conversation with Nora Leerhsen,https://transitunplugged.com/transit-unplugged-podcast/the-unmatched-power-of-transit-a-conversation-with-nora-leerhsen/,8,"In this Super September episode of Transit Unplugged, host Paul Comfort heads to Chicago to sit down with Nora Leerhsen, Acting President of the ...",neutral,False
2026-01-02,Ryan Coholan,The T,Ryan Coholan - Chief Operating Officer at MBTA,https://www.linkedin.com/in/ryan-coholan-139014ab,1,"Experienced Chief Operating Officer with a demonstrated history of working in the transportation/trucking/railroad industry. Skilled in Budgeting, Operations ...",positive,True
2026-01-02,Ryan Coholan,The T,Conversation with MBTA's COO Ryan Coholan,https://transitunplugged.com/transit-unplugged-podcast/ryan-coholan-mbta/,2,"Host Paul Comfort sits down with Ryan Coholan, the Chief Operating Officer of the Massachusetts Bay Transportation Authority (MBTA or The T) in Boston.",neutral,False
2026-01-02,Ryan Coholan,The T,Ryan Coholan - Massachusetts Bay Transportation Authority ...,https://cthrupayroll.mass.gov/?os=shmmfp&ref=app#!/year/2024/full_time_employees%2Cothers/pay1%2Cpay2%2Cpay3%2Cpay4/explore%2F0-0-0%2Ftrans_no%2F17915261%2F0%2Fdepartment_division,3,"Pay Check · Coholan · Ryan · MBTA Exec Main Fund · $299,084.71 · $299,084.71 $299,084.71. « ‹ 1; ›; ». Payroll Details. Total Pay. $ 299,085. Base Pay. $299,085.",positive,False
2026-01-02,Ryan Coholan,The T,"Today, COO Ryan Coholan joined State Senator ...",https://www.instagram.com/p/DPWzqsCEoZw/?hl=en,4,"Today, COO Ryan Coholan joined State Senator @barryfinegoldma, State Representative Dave Robertson, Town of Wilmington officials, ...",positive,True
2026-01-02,Ryan Coholan,The T,MBTA Chief Operating Officer Ryan Coholan said weekend ...,https://www.facebook.com/TheTelegram/posts/mbta-chief-operating-officer-ryan-coholan-said-weekend-ridership-is-nearly-back-/1478045264329620/,5,MBTA Chief Operating Officer Ryan Coholan said weekend ridership is nearly back to 2019 (pre-pandemic) levels.,positive,True
2026-01-02,Ryan Coholan,The T,"December 05, 2023, 10:30 AM",https://mbtaadvisoryboard.org/wp-content/uploads/2024/04/MinutesMBTAAB-12-05-23APPROVED.pdf,6,Coholan is responsible for the operation of all MBTA modes. He was appointed. COO by General Manager Philip Eng in September 2023. Mr. Coholan introduced his ...,neutral,False
2026-01-02,Ryan Coholan,The T,Looking back on 2025 at the MBTA,https://www.nbcboston.com/news/local/mbta-2025-improvements-issues/3868842/,7,"... train behind of it is and that train will know where this train is,” said Ryan Coholan MBTA Chief Operating Officer. The T also began a $35 ...",neutral,False
2026-01-02,Nora Leerhsen,CTA,Nora Leerhsen,https://en.wikipedia.org/wiki/Nora_Leerhsen,1,"Nora Leerhsen is an American lawyer and executive who has served as the Acting President of the Chicago Transit Authority (CTA) since February 2025, replacing ...",neutral,False
2026-01-02,Nora Leerhsen,CTA,"Nora Leerhsen - Acting President, Chicago Transit Authority",https://www.linkedin.com/in/nora-leerhsen-1ba38847,2,"Acting President, Chicago Transit Authority · Experience: Chicago Transit Authority · Education: University of Wisconsin Law School · Location: Greater ...",positive,True
2026-01-02,Nora Leerhsen,CTA,Team | Chicago Transit Authority | BondLink,https://www.ctabonds.com/chicago-transit-authority-il/about/our-team/i6552,3,"Leerhsen joined the CTA in 2014 and has served in various roles prior to becoming chief of staff in 2018, including senior advisor to the chief of staff/chief ...",positive,True
2026-01-02,Nora Leerhsen,CTA,Statement from CTA Acting President Nora Leerhsen,https://www.transitchicago.com/statement-from-cta-acting-president-nora-leerhsen/,4,"Early this morning, the Illinois State Legislature passed a bill that provides a transformational level of funding for the Chicago Transit ...",positive,True
2026-01-02,Nora Leerhsen,CTA,How do we think interim CTA president Nora Leerhsen is ...,https://www.reddit.com/r/chicago/comments/1ldou75/how_do_we_think_interim_cta_president_nora/,5,I think she has been a breath of fresh air. She is way more visible and actually seems to want to understand and improve the rider experience.,neutral,False
2026-01-02,Nora Leerhsen,CTA,CTA Governance/Administration,https://www.transitchicago.com/governance/,6,"Nora Leerhsen is the acting president of the Chicago Transit Authority (CTA), one of the nation's largest public transit agencies, providing approximately one ...",positive,True
2026-01-02,Nora Leerhsen,CTA,Longtime CTA chief of staff Nora Leerhsen to take over as ...,https://www.cbsnews.com/chicago/news/nora-leerhsen-acting-cta-president/,7,Chief of staff Nora Leerhsen will take over as acting president of the transit agency when current President Dorval Carter Jr. retires at the end of the month.,neutral,False
2026-01-02,Nora Leerhsen,CTA,A Conversation with Nora Leerhsen,https://transitunplugged.com/transit-unplugged-podcast/the-unmatched-power-of-transit-a-conversation-with-nora-leerhsen/,8,"In this Super September episode of Transit Unplugged, host Paul Comfort heads to Chicago to sit down with Nora Leerhsen, Acting President of ...",neutral,False
2026-01-02,Phillip Eng,Boston T,Phillip Eng | People,https://www.mbta.com/people/phillip-eng,1,Phillip Eng is the General Manager and CEO of the Massachusetts Bay Transportation Authority (MBTA). A Civil Engineer with nearly 40 years of transportation ...,positive,True
2026-01-02,Phillip Eng,Boston T,Phillip Eng,https://en.wikipedia.org/wiki/Phillip_Eng,2,Phillip Eng (born 1961 or 1962) is an American civil engineer and transit executive currently serving as interim Secretary of Massachusetts Department of ...,neutral,False
2026-01-02,Phillip Eng,Boston T,To a T: How Phillip Eng got Boston's subway system back ...,https://www.csmonitor.com/Business/2025/1115/boston-mbta-phillip-eng,3,"In a 12-page response, Mr. Eng defended the system's track record. He pointed to a 16% reduction in crime between January and September 2025 ...",neutral,False
2026-01-02,Phillip Eng,Boston T,The MBTA has made incredible strides. Did Phillip Eng fix ...,https://www.reddit.com/r/mbta/comments/1pokx9x/the_mbta_has_made_incredible_strides_did_phillip/,4,Has he fixed it? No. Has he made it much better than it was in 2023? Absolutely. It will take many years and billions of dollars to fix the ...,neutral,False
2026-01-02,Phillip Eng,Boston T,"Phillip Eng - Transportation Services, Operations ...",https://www.linkedin.com/in/phillip-eng-875928240,5,"Transportation Services, Operations, Engineering and Infrastructure · Experience: Massachusetts Bay Transportation Authority - MBTA · Education: The Cooper ...",positive,True
2026-01-02,Phillip Eng,Boston T,Did Phillip Eng fix the MBTA? Reliability and passenger ...,https://www.cbsnews.com/boston/news/mbta-general-manager-phillip-eng/,6,The native New Yorker came to Boston after retiring as the head of the Long Island Rail Road. He succeeded there and is doing very well here.,neutral,False
2026-01-02,Phillip Eng,Boston T,Governor Healey Appoints MBTA General Manager Phil ...,https://www.mass.gov/news/governor-healey-appoints-mbta-general-manager-phil-eng-as-interim-transportation-secretary,7,Press Release Governor Healey Appoints MBTA General Manager Phil Eng as Interim Transportation Secretary · Governor Maura Healey and Lt. Governor ...,neutral,False
2026-01-02,Phillip Eng,Boston T,MBTA boss Phil Eng walks into a London tie ... - MassLive,https://www.masslive.com/boston/2025/12/mbta-boss-phil-eng-walks-into-a-london-tie-shop-and-a-work-of-public-transit-art-is-born.html,8,The MBTA general manager was taken by an artist's hand-painted ties on a trip to London. He found a way to show off his T pride.,neutral,False
2026-01-02,Nora Leerhsen,The L,Statement from CTA Acting President Nora Leerhsen,https://www.transitchicago.com/statement-from-cta-acting-president-nora-leerhsen/,1,"As a result of this bill, CTA will be fully funded. This funding means that there will be no layoffs or service cuts. With these funds, we will ...",positive,True
2026-01-02,Nora Leerhsen,The L,Nora Leerhsen,https://en.wikipedia.org/wiki/Nora_Leerhsen,2,"Nora Leerhsen is an American lawyer and executive who has served as the Acting President of the Chicago Transit Authority (CTA) since February 2025, replacing ...",neutral,False
2026-01-02,Nora Leerhsen,The L,A Conversation with Nora Leerhsen,https://transitunplugged.com/transit-unplugged-podcast/the-unmatched-power-of-transit-a-conversation-with-nora-leerhsen/,3,"In this Super September episode of Transit Unplugged, host Paul Comfort heads to Chicago to sit down with Nora Leerhsen, Acting President of the ...",neutral,False
2026-01-02,Nora Leerhsen,The L,"Nora Leerhsen - Acting President, Chicago Transit Authority",https://www.linkedin.com/in/nora-leerhsen-1ba38847,4,"Acting President, Chicago Transit Authority · Experience: Chicago Transit Authority · Education: University of Wisconsin Law School · Location: Greater ...",positive,True
2026-01-02,Nora Leerhsen,The L,CTA Governance/Administration,https://www.transitchicago.com/governance/,5,"Nora Leerhsen is the acting president of the Chicago Transit Authority (CTA), one of the nation's largest public transit agencies, providing approximately one ...",positive,True
2026-01-02,Nora Leerhsen,The L,"As 1st woman to lead agency, CTA's acting president ...",https://www.youtube.com/watch?v=JkPaY8gOl8Q,6,The CTA has a new acting president Nora lerson the first woman to lead the agency after a six-year stint as former President dorville Carter's Chief of Staff.,neutral,False
2026-01-02,Nora Leerhsen,The L,"Meet CTA's Acting President, Nora Leerhsen!",https://www.instagram.com/p/DFn5eJFTiIU/?hl=en,7,"Acting President Leerhsen, a 10-year transit veteran, is the first woman to lead the organization. This morning's commute brought her to the Green Line.",positive,True
2026-01-02,Nora Leerhsen,The L,"Acting CTA President Pledges Outreach, Engagement as ...",https://news.wttw.com/2025/02/12/acting-cta-president-pledges-outreach-engagement-agency-works-tackle-budget-gap-and-draw,8,"Nora Leerhsen, who has worked at the CTA for more than 10 years, took over as its leader on Feb. 1. At Wednesday's meeting of the agency's ...",positive,False
2026-01-02,Nora Leerhsen,The L,Team | Chicago Transit Authority | BondLink,https://www.ctabonds.com/chicago-transit-authority-il/about/our-team/i6552,9,"Nora Leerhsen is acting president of the Chicago Transit Authority (CTA), one of the nation's largest public transit agencies.",positive,True
2026-01-02,Nora Leerhsen,The L,"Meet CTA's Acting President, Nora Leerhsen ...",https://www.facebook.com/thecta/posts/meet-ctas-acting-president-nora-leerhsen-acting-president-leerhsen-a-10-year-tra/1017363227092362/,10,"Acting President Leerhsen, a 10-year transit veteran, is the first woman to lead the organization. This morning's commute brought her to the Green Line.",positive,True
2026-01-02,Monica Tibbits-Nutt,The T,Monica Tibbits-Nutt,https://www.massport.com/our-business/leadership/monica-tibbits-nutt,1,"Monica G. Tibbits-Nutt, is the Secretary and CEO of the Massachusetts Department of Transportation (MassDOT).",positive,True
2026-01-02,Monica Tibbits-Nutt,The T,Transportation Sec. Monica Tibbits-Nutt Stepping Down ...,https://mass.streetsblog.org/2025/10/16/rearranging-the-cabinet-transportation-sec-monica-tibbits-nutt-stepping-down-replaced-by-mbta-gm-phillip-eng,2,Secretary of Transportation Monica Tibbits-Nutt is leaving the Healey administration. Governor Maura Healey announced this morning in a ...,neutral,False
2026-01-02,Monica Tibbits-Nutt,The T,Governor Healey Appoints MBTA General Manager Phil ...,https://www.mass.gov/news/governor-healey-appoints-mbta-general-manager-phil-eng-as-interim-transportation-secretary,3,... (MBTA) General Manager Phillip Eng as Interim Transportation Secretary. Monica Tibbits-Nutt has made the decision to step down from her ...,neutral,False
2026-01-02,Monica Tibbits-Nutt,The T,Tibbits-Nutt is out as transportation secretary. T chief Eng ...,https://www.wbur.org/news/2025/10/16/tibbits-nutt-transportation-secretary-massachusetts-eng,4,"... Monica Tibbits-Nutt overseeing the state's transit agency. In a press release, Healey said Tibbits-Nutt ""has made the decision to step down ...",neutral,False
2026-01-02,Monica Tibbits-Nutt,The T,"Monica Tibbits-Nutt made history as the first Queer, Black ...",https://www.linkedin.com/posts/lauren-melendez-53690475_monica-tibbits-nutt-made-history-as-the-first-activity-7301335136107720704-9AIP,5,"Monica Tibbits-Nutt made history as the first Queer, Black woman to be named Secretary of Transportation for the Commonwealth.",positive,True
2026-01-02,Monica Tibbits-Nutt,The T,MassFiscal Responds to Departure of Transportation ...,https://www.massfiscal.org/massfiscal-responds-departure-monica-tibbits-nutt,6,Tibbits-Nutt Exit is “Long Overdue”. The Massachusetts Fiscal Alliance today responded to news that Secretary of Transportation Monica ...,neutral,False
2026-01-02,Monica Tibbits-Nutt,The T,Monica Tibbits-Nutt parting ways with Massachusetts ...,https://www.wcvb.com/article/monica-tibbits-nutt-parting-ways-with-massachusetts-department-of-transportation/69054926,7,Maura Healey said Tibbits-Nutt made the decision to step down from her positions as secretary of the Department of Transportation and CEO of ...,neutral,False
2026-01-02,Monica Tibbits-Nutt,The T,Massachusetts Transportation Sec. Monica Tibbits-Nutt ...,https://www.cbsnews.com/boston/news/monica-tibbits-nutt-phil-eng-massdot/,8,Transportation Sec. Monica Tibbits-Nutt is out and MBTA GM Phil Eng was promoted in a MassDOT shakeup.,neutral,False
2026-01-02,Monica Tibbits-Nutt,The T,Howie Carr: Monica Tibbits-Nutt didn't leave much of a ...,https://www.bostonherald.com/2025/10/18/howie-carr-monica-tibbits-nutt-didnt-leave-much-of-a-legacy-for-massdot/,9,"Gov. Maura Healey doesn't feel much like a nut. In fact, it appears she's allergic to at least one, namely, Monica Tibbits-Nutt, ...",neutral,False
2026-01-02,Phillip Eng,The T,Phillip Eng | People,https://www.mbta.com/people/phillip-eng,1,Phillip Eng is the General Manager and CEO of the Massachusetts Bay Transportation Authority (MBTA). A Civil Engineer with nearly 40 years of transportation ...,positive,True
2026-01-02,Phillip Eng,The T,Phillip Eng,https://en.wikipedia.org/wiki/Phillip_Eng,2,Phillip Eng (born 1961 or 1962) is an American civil engineer and transit executive currently serving as interim Secretary of Massachusetts Department of ...,neutral,False
2026-01-02,Phillip Eng,The T,Did Phillip Eng fix the MBTA? Reliability and passenger ...,https://www.cbsnews.com/boston/news/mbta-general-manager-phillip-eng/,3,"It appeared to be silk, and it was designed with MBTA trains and a T map. It was hand painted by a woman at a marketplace in London, where Eng ...",neutral,False
2026-01-02,Phillip Eng,The T,"Phillip Eng - Transportation Services, Operations ...",https://www.linkedin.com/in/phillip-eng-875928240,4,"Lead The LiRo Group in the pursuit and delivery of Engineering, Transportation and Infrastructure projects both public and private.",positive,True
2026-01-02,Phillip Eng,The T,Phil Eng earns rave reviews for simultaneous MBTA ...,https://commonwealthbeacon.org/transportation/interim-or-indefinite-no-end-in-sight-to-phil-engs-double-duty/,5,"He just has one condition: Eng wants to keep his job at the T, even if he were to drop the “interim” title from the transportation secretary ...",neutral,False
2026-01-02,Phillip Eng,The T,The MBTA has made incredible strides. Did Phillip Eng fix ...,https://www.reddit.com/r/mbta/comments/1pokx9x/the_mbta_has_made_incredible_strides_did_phillip/,6,BREAKING NEWS | MBTA General Manager Phil Eng to become Interim Secretary of Transportation at MassDOT after Tibbits-Nutts step down today. r/ ...,neutral,False
2026-01-02,Phillip Eng,The T,Governor Healey Appoints MBTA General Manager Phil ...,https://www.mass.gov/news/governor-healey-appoints-mbta-general-manager-phil-eng-as-interim-transportation-secretary,7,Governor Healey Appoints MBTA General Manager Phil Eng as Interim Transportation Secretary. Highway Administrator Jonathan Gulliver promoted to ...,neutral,False
2026-01-02,Phillip Eng,The T,To a T: How Phillip Eng got Boston's subway system back ...,https://www.csmonitor.com/Business/2025/1115/boston-mbta-phillip-eng,8,"Mr. Eng, who was appointed the state's interim Transportation Secretary in October, says it's about a laser-focus on one goal: improving the ...",neutral,False
2026-01-02,Phillip Eng,The T,MBTA boss Phil Eng walks into a London tie ... - MassLive,https://www.masslive.com/boston/2025/12/mbta-boss-phil-eng-walks-into-a-london-tie-shop-and-a-work-of-public-transit-art-is-born.html,9,The MBTA general manager was taken by an artist's hand-painted ties on a trip to London. He found a way to show off his T pride.,neutral,False
2026-01-02,Randy Clarke,DC Metro,Randy Clarke,https://en.wikipedia.org/wiki/Randy_Clarke,1,Randy Clarke (born 1976 or 1977) is a Canadian-American transit executive who has served as the general manager and CEO of Washington Metropolitan Area ...,neutral,False
2026-01-02,Randy Clarke,DC Metro,Randy Clarke (@wmataGM) / Posts / X,https://x.com/wmataGM?lang=en,2,"Proudly leading the @wmata team (America's Metro System) as General Manager & CEO. Also on IG, instagram.com/wmatagm ...",positive,True
2026-01-02,Randy Clarke,DC Metro,Leadership,https://www.wmata.com/about/leadership/,3,Randy Clarke joined the Washington Metropolitan Area Transit Authority (WMATA) as General Manager and CEO in July 2022.,positive,True
2026-01-02,Randy Clarke,DC Metro,Randy Clarke - Washington Metropolitan Area Transit ...,https://www.linkedin.com/in/randy-clarke-74bb8a69,4,Experience: Washington Metropolitan Area Transit Authority (WMATA) · Education: University of Southern Maine · Location: United States · 500+ connections on ...,positive,True
2026-01-02,Randy Clarke,DC Metro,Here's a wild idea: Randy Clarke for D.C. mayor,https://www.axios.com/local/washington-dc/2025/10/30/randy-clarke-metro-dc-mayor-muriel-bowser-election,5,Metro's reformer could be the technocratic mayor D.C. needs ... Randy Clarke fixed Metro. Maybe he can fix D.C. next? Why it matters ...,neutral,False
2026-01-02,Randy Clarke,DC Metro,Randy Clarke (@wmatagm),https://www.instagram.com/wmatagm/?hl=en,6,"On Friday, D.C. Mayor Muriel Bowser and Metro General Manager Randy Clarke along with city and transit agency staff members took a ride on the newly renamed ...",positive,True
2026-01-02,Randy Clarke,DC Metro,DC's Metro Made a Comeback. Meet the Man Behind It.,https://washingtonian.com/2024/11/14/dcs-metro-made-a-comeback-meet-the-man-behind-it/,7,"Better service. Happier riders. Under Randy Clarke, Metro has bounced back from a pandemic slump—winning him plaudits and fans.",neutral,False
2026-01-02,Randy Clarke,DC Metro,How to Save DC's Metro - by Santi Ruiz,https://www.statecraft.pub/p/how-to-save-dcs-metro,8,"Today we talked to Randy Clarke, the head of DC's Metro system, WMATA. If you're a transit nerd, you probably know about Clarke — he's ...",positive,False
2026-01-02,Randy Clarke,DC Metro,Randy Clarke,https://www.govtech.com/top-25/randy-clarke,9,"Clarke is a veteran of helming massive urban transit systems. He previously served as transit chief for Capital Metro in Austin, Texas.",neutral,False
2026-01-02,Ryan Coholan,MBTA,Ryan Coholan - Chief Operating Officer at MBTA,https://www.linkedin.com/in/ryan-coholan-139014ab,1,"Experienced Chief Operating Officer with a demonstrated history of working in the transportation/trucking/railroad industry. Skilled in Budgeting, Operations ...",positive,True
2026-01-02,Ryan Coholan,MBTA,Ryan Coholan - Massachusetts Bay Transportation Authority ...,https://cthrupayroll.mass.gov/?os=shmmfp&ref=app#!/year/2024/full_time_employees%2Cothers/pay1%2Cpay2%2Cpay3%2Cpay4/explore%2F0-0-0%2Ftrans_no%2F17915261%2F0%2Fdepartment_division,2,CTHRU - Statewide Payroll · Entire Payroll $10.25 billion - 100.00% of all · Employee Ryan Coholan - Massachusetts Bay Transportation Authority (MBT) - Chief ...,positive,False
2026-01-02,Ryan Coholan,MBTA,Conversation with MBTA's COO Ryan Coholan,https://transitunplugged.com/transit-unplugged-podcast/ryan-coholan-mbta/,3,"With nearly 30 years of transit experience, Ryan talks about running one of America's largest transit systems and shares stories of MBTA's ...",neutral,False
2026-01-02,Ryan Coholan,MBTA,"December 05, 2023, 10:30 AM",https://mbtaadvisoryboard.org/wp-content/uploads/2024/04/MinutesMBTAAB-12-05-23APPROVED.pdf,4,Coholan is responsible for the operation of all MBTA modes. He was appointed. COO by General Manager Philip Eng in September 2023. Mr. Coholan introduced his ...,positive,True
2026-01-02,Ryan Coholan,MBTA,"Today, COO Ryan Coholan joined State Senator ...",https://www.instagram.com/p/DPWzqsCEoZw/?hl=en,5,"Today, COO Ryan Coholan joined State Senator @barryfinegoldma, State Representative Dave Robertson, Town of Wilmington officials, ...",positive,True
2026-01-02,Ryan Coholan,MBTA,Ryan Coholan - Chief Operating Officer at Massachusetts ...,https://www.zoominfo.com/p/Ryan-Coholan/11957181347,6,"Ryan D. Coholan is the Chief Operating Officer at the Massachusetts Bay Transportation Authority, bringing extensive leadership to transportation services.",neutral,False
2026-01-02,Ryan Coholan,MBTA,MBTA Chief Operating Officer Ryan Coholan said weekend ...,https://www.facebook.com/TheTelegram/posts/mbta-chief-operating-officer-ryan-coholan-said-weekend-ridership-is-nearly-back-/1478045264329620/,7,MBTA Chief Operating Officer Ryan Coholan said weekend ridership is nearly back to 2019 (pre-pandemic) levels.,positive,True
2026-01-02,Ryan Coholan,MBTA,Ryan Coholan Archives,https://www.globalrailwayreview.com/content_author/ryan-coholan/,8,"Ryan Coholan, Chief Railroad Officer at the Massachusetts Bay Transportation Authority (MBTA), discusses the benefits of introducing new technologies across the ...",neutral,False
2026-01-02,Ryan Coholan,Boston T,Ryan Coholan - Chief Operating Officer at MBTA,https://www.linkedin.com/in/ryan-coholan-139014ab,1,Experienced Chief Operating Officer with a demonstrated history of working in the transportation/trucking/railroad industry.,positive,True
2026-01-02,Ryan Coholan,Boston T,Conversation with MBTA's COO Ryan Coholan,https://transitunplugged.com/transit-unplugged-podcast/ryan-coholan-mbta/,2,"With nearly 30 years of transit experience, Ryan talks about running one of America's largest transit systems and shares stories of MBTA's ...",neutral,False
2026-01-02,Ryan Coholan,Boston T,"Today, COO Ryan Coholan joined State Senator ...",https://www.instagram.com/p/DPWzqsCEoZw/?hl=en,3,"Today, COO Ryan Coholan joined State Senator @barryfinegoldma ... #MBTA #PublicTransportation #Maintenance #Modernization #Boston. more.",positive,True
2026-01-02,Ryan Coholan,Boston T,Ryan Coholan - Massachusetts Bay Transportation Authority ...,https://cthrupayroll.mass.gov/?os=shmmfp&ref=app#!/year/2024/full_time_employees%2Cothers/pay1%2Cpay2%2Cpay3%2Cpay4/explore%2F0-0-0%2Ftrans_no%2F17915261%2F0%2Fdepartment_division,4,CTHRU - Statewide Payroll · Entire Payroll $10.25 billion - 100.00% of all · Employee Ryan Coholan - Massachusetts Bay Transportation Authority (MBT) - Chief ...,positive,False
2026-01-02,Ryan Coholan,Boston T,Looking back on 2025 at the MBTA,https://www.nbcboston.com/news/local/mbta-2025-improvements-issues/3868842/,5,... Ryan Coholan MBTA Chief Operating Officer. The T also began a $35 million upgrade of Foxboro Station to help accommodate the tens of ...,neutral,False
2026-01-02,Ryan Coholan,Boston T,"December 05, 2023, 10:30 AM",https://mbtaadvisoryboard.org/wp-content/uploads/2024/04/MinutesMBTAAB-12-05-23APPROVED.pdf,6,"C. MBTA Chief Operating Officer Ryan Coholan: The Chair introduced Ryan. Coholan, the Chief Operating Officer (COO) of the MBTA to address the Board.",neutral,False
2026-01-02,Ryan Coholan,Boston T,MBTA Chief Operating Officer Ryan Coholan said weekend ...,https://www.facebook.com/EnterpriseBrockton/posts/mbta-chief-operating-officer-ryan-coholan-said-weekend-ridership-is-nearly-back-/1416815133788354/,7,MBTA Chief Operating Officer Ryan Coholan said weekend ridership is nearly back to 2019 (pre-pandemic) levels.,positive,True
2026-01-02,Ryan Coholan,Boston T,"MBTA on Instagram: ""Single track operations is one of the ...",https://www.instagram.com/reel/DH_KQJVpJ5Y/?hl=en,8,"Hello, my name is Ryan Coholan. I'm the chief operating officer for the MBTA. Tonight, we're down at Wallaston Station on the Redline Brains ...",positive,True
2026-01-02,Phillip Eng,MBTA,Phillip Eng | People,https://www.mbta.com/people/phillip-eng,1,Phillip Eng is the General Manager and CEO of the Massachusetts Bay Transportation Authority (MBTA). A Civil Engineer with nearly 40 years of transportation ...,positive,True
2026-01-02,Phillip Eng,MBTA,Phillip Eng,https://en.wikipedia.org/wiki/Phillip_Eng,2,Phillip Eng (born 1961 or 1962) is an American civil engineer and transit executive currently serving as interim Secretary of Massachusetts Department of ...,neutral,False
2026-01-02,Phillip Eng,MBTA,Governor Healey Appoints MBTA General Manager Phil ...,https://www.mass.gov/news/governor-healey-appoints-mbta-general-manager-phil-eng-as-interim-transportation-secretary,3,Highway Administrator Jonathan Gulliver promoted to Undersecretary of Transportation; Interim Secretary and GM Eng to hold media ...,neutral,False
2026-01-02,Phillip Eng,MBTA,To a T: How Phillip Eng got Boston's subway system back ...,https://www.csmonitor.com/Business/2025/1115/boston-mbta-phillip-eng,4,Many now see America's oldest subway system as a model for repairing the country's crumbling transportation infrastructure – a huge ...,neutral,False
2026-01-02,Phillip Eng,MBTA,MBTA's Phillip Eng Named Interim MassDOT Secretary,https://aashtojournal.transportation.org/mbtas-phillip-eng-named-interim-massdot-secretary/,5,Massachusetts Governor Maura Healey (D) has appointed Phillip Eng (above at left) – general manager of the Massachusetts Bay Transportation ...,neutral,False
2026-01-02,Phillip Eng,MBTA,Did Phillip Eng fix the MBTA? Reliability and passenger ...,https://www.cbsnews.com/boston/news/mbta-general-manager-phillip-eng/,6,"Phillip Eng, the New Yorker who came out of retirement to fix the MBTA is getting rave reviews.",neutral,False
2026-01-02,Phillip Eng,MBTA,"Phillip Eng - Transportation Services, Operations ...",https://www.linkedin.com/in/phillip-eng-875928240,7,"Transportation Services, Operations, Engineering and Infrastructure · Experience: Massachusetts Bay Transportation Authority - MBTA · Education: The Cooper ...",positive,True
2026-01-02,Phillip Eng,MBTA,Leadership at The MBTA,https://www.mbta.com/leadership,8,The MBTA is overseen by the Massachusetts Bay Transportation Authority Board of Directors. Phillip Eng is the Interim MassDOT Secretary and MBTA General Manager ...,positive,True
2026-01-02,Phillip Eng,MBTA,Phil Eng earns rave reviews for simultaneous MBTA ...,https://commonwealthbeacon.org/transportation/interim-or-indefinite-no-end-in-sight-to-phil-engs-double-duty/,9,The Healey administration seems content to have Phil Eng continue to work as both T general manager and interim transportation secretary for ...,neutral,False
2026-01-02,Monica Tibbits-Nutt,Massachusetts Bay Transportation Authority,Monica Tibbits-Nutt,https://www.massport.com/our-business/leadership/monica-tibbits-nutt,1,"Monica G. Tibbits-Nutt, is the Secretary and CEO of the Massachusetts Department of Transportation (MassDOT).",positive,True
2026-01-02,Monica Tibbits-Nutt,Massachusetts Bay Transportation Authority,Transportation Sec. Monica Tibbits-Nutt Stepping Down ...,https://mass.streetsblog.org/2025/10/16/rearranging-the-cabinet-transportation-sec-monica-tibbits-nutt-stepping-down-replaced-by-mbta-gm-phillip-eng,2,Secretary of Transportation Monica Tibbits-Nutt is leaving the Healey administration. Governor Maura Healey announced this morning in a ...,neutral,False
2026-01-02,Monica Tibbits-Nutt,Massachusetts Bay Transportation Authority,Governor Healey Appoints MBTA General Manager Phil ...,https://www.mass.gov/news/governor-healey-appoints-mbta-general-manager-phil-eng-as-interim-transportation-secretary,3,... Bay Transportation Authority (MBTA) General Manager Phillip Eng as Interim Transportation Secretary. Monica Tibbits-Nutt has made the ...,neutral,False
2026-01-02,Monica Tibbits-Nutt,Massachusetts Bay Transportation Authority,MassFiscal Responds to Departure of Transportation ...,https://www.massfiscal.org/massfiscal-responds-departure-monica-tibbits-nutt,4,Tibbits-Nutt Exit is “Long Overdue”. The Massachusetts Fiscal Alliance today responded to news that Secretary of Transportation Monica ...,neutral,False
2026-01-02,Monica Tibbits-Nutt,Massachusetts Bay Transportation Authority,Monica Tibbits-Nutt parting ways with Massachusetts ...,https://www.wcvb.com/article/monica-tibbits-nutt-parting-ways-with-massachusetts-department-of-transportation/69054926,5,Maura Healey said Tibbits-Nutt made the decision to step down from her positions as secretary of the Department of Transportation and CEO of ...,neutral,False
2026-01-02,Monica Tibbits-Nutt,Massachusetts Bay Transportation Authority,Tibbits-Nutt out at MassDOT; T's Eng takes over,https://www.axios.com/local/boston/2025/10/16/tibbits-nutt-out-at-massdot-ts-eng-takes-over,6,Monica Tibbits-Nutt's time as Gov. Maura Healey's MassDOT secretary is over and the governor is putting the MBTA's Phil Eng in charge of the ...,neutral,False
2026-01-02,Monica Tibbits-Nutt,Massachusetts Bay Transportation Authority,Tibbits-Nutt is out as transportation secretary. T chief Eng ...,https://www.wbur.org/news/2025/10/16/tibbits-nutt-transportation-secretary-massachusetts-eng,7,"... Monica Tibbits-Nutt overseeing the state's transit agency. In a press release, Healey said Tibbits-Nutt ""has made the decision to step down ...",neutral,False
2026-01-02,Monica Tibbits-Nutt,Massachusetts Bay Transportation Authority,"Tibbits-Nutt out, Eng elevated in abrupt shakeup at MassDOT",https://commonwealthbeacon.org/transportation/tibbits-nutt-out-eng-elevated-in-abrupt-shakeup-at-massdot/,8,"Transportation Secretary Monica Tibbits-Nutt suddenly resigned Thursday, prompting the governor to ask the head of the MBTA and the state's ...",negative,False
2026-01-02,Monica Tibbits-Nutt,Massachusetts Bay Transportation Authority,Massachusetts Transportation Sec. Monica Tibbits-Nutt ...,https://www.cbsnews.com/boston/news/monica-tibbits-nutt-phil-eng-massdot/,9,Transportation Sec. Monica Tibbits-Nutt is out and MBTA GM Phil Eng was promoted in a MassDOT shakeup.,neutral,False
2026-01-02,Phillip Eng,Massachusetts Bay Transportation Authority,Phillip Eng | People,https://www.mbta.com/people/phillip-eng,1,Phillip Eng is the General Manager and CEO of the Massachusetts Bay Transportation Authority (MBTA). A Civil Engineer with nearly 40 years of transportation ...,positive,True
2026-01-02,Phillip Eng,Massachusetts Bay Transportation Authority,Phillip Eng,https://en.wikipedia.org/wiki/Phillip_Eng,2,Phillip Eng (born 1961 or 1962) is an American civil engineer and transit executive currently serving as interim Secretary of Massachusetts Department of ...,neutral,False
2026-01-02,Phillip Eng,Massachusetts Bay Transportation Authority,Governor Healey Appoints MBTA General Manager Phil ...,https://www.mass.gov/news/governor-healey-appoints-mbta-general-manager-phil-eng-as-interim-transportation-secretary,3,Highway Administrator Jonathan Gulliver promoted to Undersecretary of Transportation; Interim Secretary and GM Eng to hold media ...,neutral,False
2026-01-02,Phillip Eng,Massachusetts Bay Transportation Authority,"Phillip Eng - Transportation Services, Operations ...",https://www.linkedin.com/in/phillip-eng-875928240,4,"Transportation Services, Operations, Engineering and Infrastructure · Experience: Massachusetts Bay Transportation Authority - MBTA · Education: The Cooper ...",positive,True
2026-01-02,Phillip Eng,Massachusetts Bay Transportation Authority,MBTA's Phillip Eng Named Interim MassDOT Secretary,https://aashtojournal.transportation.org/mbtas-phillip-eng-named-interim-massdot-secretary/,5,Massachusetts Governor Maura Healey (D) has appointed Phillip Eng (above at left) – general manager of the Massachusetts Bay Transportation ...,neutral,False
2026-01-02,Phillip Eng,Massachusetts Bay Transportation Authority,Phillip Eng | Massport Board,https://www.massport.com/our-business/leadership/phillip-eng,6,Phillip Eng leads Massachusetts' transportation network as Interim Secretary of Transportation and General Manager of the MBTA.,positive,True
2026-01-02,Phillip Eng,Massachusetts Bay Transportation Authority,To a T: How Phillip Eng got Boston's subway system back ...,https://www.csmonitor.com/Business/2025/1115/boston-mbta-phillip-eng,7,Many now see America's oldest subway system as a model for repairing the country's crumbling transportation infrastructure – a huge ...,neutral,False
2026-01-02,Phillip Eng,Massachusetts Bay Transportation Authority,Did Phillip Eng fix the MBTA? Reliability and passenger ...,https://www.cbsnews.com/boston/news/mbta-general-manager-phillip-eng/,8,"Phillip Eng, the New Yorker who came out of retirement to fix the MBTA is getting rave reviews.",neutral,False
2026-01-02,Phillip Eng,Massachusetts Bay Transportation Authority,FTA Letter to General Manager MBTA,https://www.transit.dot.gov/sites/fta.dot.gov/files/2025-09/FTA-Letter-to-General-Manager-MBTA.pdf,9,"To protect the safety of passengers and workers, and, in turn, promote public confidence in transit, the Massachusetts Bay Transportation ...",neutral,False
2026-01-02,Janno Lieber,NYC Subway,Janno Lieber,https://www.mta.info/transparency/leadership/executive-leadership/janno-lieber,1,"Lieber has been serving as MTA Acting Chair and CEO since July 2021 and is the Authority's 15th Chairperson since it was founded in 1968. In this position, ...",positive,True
2026-01-02,Janno Lieber,NYC Subway,Janno Lieber,https://en.wikipedia.org/wiki/Janno_Lieber,2,"John Nathan ""Janno"" Lieber (born September 19, 1961) is the head of the Metropolitan Transportation Authority (MTA) in New York.",neutral,False
2026-01-02,Janno Lieber,NYC Subway,Janno Lieber - Chair & CEO at New York Metropolitan ...,https://www.linkedin.com/in/janno-lieber-32b487158,3,"Chair & CEO at New York Metropolitan Transportation Authority · An accomplished executive working at the intersection of government, real estate and law.",positive,True
2026-01-02,Janno Lieber,NYC Subway,"Janno Lieber on Free Buses, the State of the MTA, & The ...",https://nyeditorialboard.substack.com/p/janno-lieber-on-free-buses-the-state,4,"Janno Lieber, Chair and CEO of the Metropolitan Transportation Authority (MTA), which runs the New York City subways and buses, ...",positive,False
2026-01-02,Janno Lieber,NYC Subway,MTA head Janno Lieber has a wish list for 2026. Here's his ...,https://www.cbsnews.com/newyork/news/mta-janno-lieber-nyc-bus-fares-bus-lanes-fare-evasion/,5,MTA head Janno Lieber has a wish list for 2026. Here's his plan for NYC buses and subways. By. Marcia Kramer. Marcia Kramer.,positive,False
2026-01-02,Janno Lieber,NYC Subway,Governor Hochul Announces MTA Has Completed 10 Station ...,https://opwdd.ny.gov/governor-hochul-announces-mta-has-completed-10-station-accessibility-projects-2025,6,"MTA Chair and CEO Janno Lieber said, “Let the past year be more proof — the MTA is delivering more accessibility than ever before, both in ...",neutral,False
2026-01-02,Janno Lieber,NYC Subway,3 things you would ask the head of the MTA Janno Lieber ...,https://www.reddit.com/r/nycrail/comments/1og60qf/3_things_you_would_ask_the_head_of_the_mta_janno/,7,What are 3 things if you had the opportunity to speak to the Lieber would you ask him to do (Subway only ) could be extensions ...,neutral,False
2026-01-02,Janno Lieber,NYC Subway,NYC's Transit Chief Is Not Letting Trump Derail Big Projects,https://www.bloomberg.com/news/newsletters/2025-10-29/nyc-transit-chief-janno-lieber-tries-to-stay-on-track-citylab-daily,8,"MTA chief Janno Lieber has presided over the vast NYC transit system since 2022 ... NYC Subway Says Goodbye to MetroCard, But Many Riders ...",positive,False
2026-01-02,Janno Lieber,MTA,Janno Lieber,https://www.mta.info/transparency/leadership/executive-leadership/janno-lieber,1,John (“Janno”) Lieber was confirmed as Chair and CEO of the Metropolitan Transportation Authority (MTA) in January 2022.,positive,True
2026-01-02,Janno Lieber,MTA,Janno Lieber,https://en.wikipedia.org/wiki/Janno_Lieber,2,"John Nathan ""Janno"" Lieber (born September 19, 1961) is the head of the Metropolitan Transportation Authority (MTA) in New York.",neutral,False
2026-01-02,Janno Lieber,MTA,Janno Lieber - Chair & CEO at New York Metropolitan ...,https://www.linkedin.com/in/janno-lieber-32b487158,3,"Chair & CEO at New York Metropolitan Transportation Authority · An accomplished executive working at the intersection of government, real estate and law.",positive,True
2026-01-02,Janno Lieber,MTA,TRANSCRIPT: MTA Chair and CEO Lieber Appears on,https://www.mta.info/press-release/transcript-mta-chair-and-ceo-lieber-appears-ny1s-mornings-1-1,4,"MTA Chair and CEO, Janno Lieber, is with us now. We'll talk about some ways the MTA could address some of the concerns raised in the mayor's ...",positive,True
2026-01-02,Janno Lieber,MTA,"Janno Lieber on Free Buses, the State of the MTA, & The ...",https://nyeditorialboard.substack.com/p/janno-lieber-on-free-buses-the-state,5,"Janno Lieber, Chair and CEO of the Metropolitan Transportation Authority (MTA), which runs the New York City subways and buses, ...",positive,False
2026-01-02,Janno Lieber,MTA,Statement from MTA Chair and CEO Janno Lieber,https://www.mta.info/press-release/statement-mta-chair-and-ceo-janno-lieber-regarding-legal-filing-continue-benefits-of,6,"Statement from MTA Chair and CEO Janno Lieber Regarding Legal Filing to Continue Benefits of Congestion Relief Program. MTA. Updated Feb 19, 2025 1:00 p.m.. “ ...",positive,True
2026-01-02,Janno Lieber,MTA,5 things to know about Janno Lieber,https://www.cityandstateny.com/policy/2021/07/5-things-know-about-janno-lieber/184164/,7,Lieber has led the MTA's capital construction for four years · He oversaw the rebuilding of the World Trade Center complex · Former bosses include ...,neutral,False
2026-01-02,Janno Lieber,MTA,"Today, MTA Chair and CEO Janno Lieber, MTA New York ...",https://www.instagram.com/p/DRVO83eD1rp/?hl=en,8,"Today, MTA Chair and CEO Janno Lieber, MTA New York City Transit President Demetrius Crichlow, and MTA Construction & Development President ...",positive,True
2026-01-02,Monica Tibbits-Nutt,Boston T,Monica Tibbits-Nutt,https://www.massport.com/our-business/leadership/monica-tibbits-nutt,1,"Monica G. Tibbits-Nutt, is the Secretary and CEO of the Massachusetts Department of Transportation (MassDOT).",positive,True
2026-01-02,Monica Tibbits-Nutt,Boston T,Transportation Sec. Monica Tibbits-Nutt Stepping Down ...,https://mass.streetsblog.org/2025/10/16/rearranging-the-cabinet-transportation-sec-monica-tibbits-nutt-stepping-down-replaced-by-mbta-gm-phillip-eng,2,Secretary of Transportation Monica Tibbits-Nutt is leaving the Healey administration. Governor Maura Healey announced this morning in a ...,neutral,False
2026-01-02,Monica Tibbits-Nutt,Boston T,Governor Healey Appoints MBTA General Manager Phil ...,https://www.mass.gov/news/governor-healey-appoints-mbta-general-manager-phil-eng-as-interim-transportation-secretary,3,... (MBTA) General Manager Phillip Eng as Interim Transportation Secretary. Monica Tibbits-Nutt has made the decision to step down from her ...,neutral,False
2026-01-02,Monica Tibbits-Nutt,Boston T,Tibbits-Nutt is out as transportation secretary. T chief Eng ...,https://www.wbur.org/news/2025/10/16/tibbits-nutt-transportation-secretary-massachusetts-eng,4,"... Monica Tibbits-Nutt overseeing the state's transit agency. In a press release, Healey said Tibbits-Nutt ""has made the decision to step down ...",neutral,False
2026-01-02,Monica Tibbits-Nutt,Boston T,Monica Tibbits-Nutt parting ways with Massachusetts ...,https://www.wcvb.com/article/monica-tibbits-nutt-parting-ways-with-massachusetts-department-of-transportation/69054926,5,Maura Healey said Tibbits-Nutt made the decision to step down from her positions as secretary of the Department of Transportation and CEO of ...,neutral,False
2026-01-02,Monica Tibbits-Nutt,Boston T,Tibbits-Nutt out at MassDOT; T's Eng takes over,https://www.axios.com/local/boston/2025/10/16/tibbits-nutt-out-at-massdot-ts-eng-takes-over,6,Monica Tibbits-Nutt's time as Gov. Maura Healey's MassDOT secretary is over and the governor is putting the MBTA's Phil Eng in charge of the ...,neutral,False
2026-01-02,Monica Tibbits-Nutt,Boston T,"Today, Massachusetts bids farewell to Secretary Monica ...",https://www.facebook.com/massfiscal/posts/-today-massachusetts-bids-farewell-to-secretary-monica-tibbets-nutt-a-true-champ/1236041415229861/,7,"Today, Massachusetts bids farewell to Secretary Monica Tibbets-Nutt, a true champion of making life harder for everyone and leaving ...",positive,True
2026-01-02,Monica Tibbits-Nutt,Boston T,MassFiscal Responds to Departure of Transportation ...,https://www.massfiscal.org/massfiscal-responds-departure-monica-tibbits-nutt,8,Tibbits-Nutt Exit is “Long Overdue”. The Massachusetts Fiscal Alliance today responded to news that Secretary of Transportation Monica ...,neutral,False
2026-01-02,Monica Tibbits-Nutt,Boston T,"Tibbits-Nutt out, Eng elevated in abrupt shakeup at MassDOT",https://commonwealthbeacon.org/transportation/tibbits-nutt-out-eng-elevated-in-abrupt-shakeup-at-massdot/,9,"Transportation Secretary Monica Tibbits-Nutt suddenly resigned Thursday, prompting the governor to ask the head of the MBTA and the state's ...",negative,False
2026-01-02,Janno Lieber,OMNY,"What to Know About OMNY, MetroCard's Tap-and-Go ...",https://www.nytimes.com/2025/12/22/nyregion/omny-nyc-subway.html,1,"Janno Lieber, the chief executive of the M.T.A., has called the new system more equitable, because it does not require riders to pay a large ...",neutral,False
2026-01-02,Janno Lieber,OMNY,New York City subway switching to tap-and-go fares,https://thehill.com/policy/transportation/5665439-nyc-omny-metrocards-switch/,2,"MTA Chair and CEO Janno Lieber said at the time that 65 percent of riders already pay using tap-and-go and called it the “fastest, easiest, and ...",neutral,False
2026-01-02,Janno Lieber,OMNY,MTA boss gets the price of a MetroCard wrong while ...,https://nypost.com/2025/11/19/us-news/mta-boss-gets-the-price-of-a-metrocard-wrong-while-flippantly-touting-tap-to-ride-switchover/,3,Lieber compared the OMNY switchover to the city ditching subway tokens in the early 1990s in favor of the MetroCard — saying doing away with the ...,negative,False
2026-01-02,Janno Lieber,OMNY,TRANSCRIPT: MTA Chair and CEO Lieber Appears on,https://www.mta.info/press-release/transcript-mta-chair-and-ceo-lieber-appears-point-marcia-kramer-0,4,"MTA Chair and CEO Janno Lieber: Hey, listen, I'm not a magician, but ... Let me tell you, the pre-tax benefit is now applicable on OMNY.",positive,True
2026-01-02,Janno Lieber,OMNY,"They're Holding on to Their MetroCards, as OMNY Ends an ...",https://www.thecity.nyc/2025/12/29/metrocard-omny-subways-collectors/,5,"“I remember the transition from tokens and it really blew people's minds,” Janno Lieber, MTA chairperson and chief executive, said after the ...",neutral,False
2026-01-02,Janno Lieber,OMNY,"Janno Lieber on Free Buses, the State of the MTA, & The ...",https://nyeditorialboard.substack.com/p/janno-lieber-on-free-buses-the-state,6,"Janno Lieber, Chair and CEO of the Metropolitan Transportation Authority (MTA), which runs the New York City subways and buses, ...",positive,False
2026-01-02,Janno Lieber,OMNY,MTA chief vows fare evasion crackdown on NYC buses ...,https://gothamist.com/news/mta-chief-vows-fare-evasion-crackdown-on-nyc-buses-once-metrocard-retires,7,MTA Chair Janno Lieber said requiring all riders to pay with OMNY will make it easier to check who has actually paid.,neutral,False
2026-01-02,Janno Lieber,OMNY,MTA head Janno Lieber has a wish list for 2026. Here's his ...,https://www.cbsnews.com/newyork/news/mta-janno-lieber-nyc-bus-fares-bus-lanes-fare-evasion/,8,MTA head Janno Lieber has a wish list for 2026. Here's his plan for NYC buses and subways. By. Marcia Kramer.,positive,False
2026-01-02,Janno Lieber,OMNY,Why is Janno Lieber Constantly Blaming Other People for ...,https://pedestrianobservations.com/2025/10/30/why-is-janno-lieber-constantly-blaming-other-people-for-problems/,9,But it was Lieber who scuttled plans by Andy Byford to install back-door OMNY card readers and enable all-door boarding without free fares.,negative,False
